4	2
13	5
23	6
25	14
28	8
29	7
30	2
30	23
30	4
31	27
33	3
33	29
35	5
35	13
35	27
36	13
37	17
37	25
37	12
38	16
38	17
38	28
38	12
41	17
41	38
41	40
41	36
43	20
44	37
44	28
44	9
45	36
45	4
46	35
46	13
47	33
48	15
49	46
49	43
49	20
52	6
53	30
53	2
59	58
60	33
60	9
62	20
62	25
63	33
63	37
64	61
64	59
65	50
65	45
67	28
67	1
68	15
68	22
69	19
70	25
73	19
74	24
74	52
74	6
74	57
74	44
76	14
76	21
78	9
78	7
78	74
79	5
79	46
79	53
81	36
81	67
82	6
83	70
83	44
84	31
84	11
85	81
85	36
86	74
87	3
88	56
89	51
89	73
90	24
90	6
90	72
91	11
91	14
92	83
92	31
92	27
92	77
93	9
94	22
94	59
95	29
95	60
95	33
95	75
95	7
95	36
95	42
95	53
95	14
97	50
97	45
97	65
97	19
97	70
98	77
98	16
99	4
99	15
99	94
99	37
99	50
99	86
101	98
102	43
103	68
104	96
105	47
105	9
105	43
106	51
107	94
109	17
109	41
109	38
109	26
110	31
110	19
110	43
111	96
111	104
111	68
112	3
112	37
112	17
113	39
114	81
114	36
114	44
114	89
115	87
116	83
116	110
117	112
118	43
118	34
119	6
119	82
119	74
119	90
119	92
119	14
119	59
119	38
122	62
122	64
123	55
124	54
124	14
124	67
124	113
124	63
124	13
125	45
125	33
125	63
126	31
126	9
127	12
128	27
129	122
129	20
129	43
129	26
130	10
130	21
130	29
130	113
131	50
132	87
132	115
133	109
134	124
134	76
134	14
134	46
134	4
134	104
134	20
134	59
134	61
135	118
135	134
136	59
136	23
136	22
137	106
137	78
137	43
137	63
139	81
140	40
140	112
141	34
141	106
142	65
142	45
142	97
142	125
143	37
143	22
144	140
144	40
144	88
145	73
146	33
146	95
146	44
146	34
147	79
147	85
147	115
148	140
148	40
148	33
149	88
149	56
150	124
150	134
151	29
151	60
151	145
152	1
152	19
152	69
152	63
152	97
152	29
152	111
152	127
152	68
152	106
153	20
154	37
154	143
154	72
154	44
154	141
154	102
154	52
154	40
154	1
154	82
154	24
155	22
155	59
156	102
156	153
156	150
156	88
158	32
158	119
158	6
159	106
159	137
159	101
159	90
160	89
160	73
160	69
160	13
160	134
160	20
161	74
161	24
161	6
161	119
161	112
161	35
161	14
161	1
162	67
162	161
163	110
163	31
163	119
164	74
165	64
165	145
166	124
167	92
167	139
168	108
168	162
168	28
168	67
168	15
168	34
168	78
168	23
168	55
168	116
169	66
169	158
169	40
169	68
169	106
170	154
172	160
172	89
172	105
172	47
172	73
172	145
172	43
172	106
172	169
172	130
172	124
173	22
173	79
174	30
174	43
176	34
176	140
176	6
176	151
176	103
177	107
177	94
177	59
177	22
177	58
177	38
177	19
177	132
177	37
178	135
178	17
179	128
179	56
179	86
179	127
179	144
179	136
179	172
180	20
180	138
180	43
180	156
180	115
180	165
180	73
180	39
181	73
181	161
181	59
182	168
182	162
182	67
182	141
182	15
182	100
182	154
182	133
183	106
183	137
183	177
183	116
184	69
184	163
184	60
185	127
185	141
185	30
185	139
185	17
186	20
186	120
186	129
186	43
186	138
186	156
186	102
186	62
186	180
186	151
186	65
186	118
187	136
187	124
187	45
187	94
187	95
187	38
187	160
188	55
188	128
188	27
189	130
189	119
190	41
190	38
190	46
190	130
190	101
191	82
191	161
191	119
192	178
192	135
192	179
192	113
192	175
192	75
192	182
193	40
193	140
193	56
194	142
194	97
194	17
194	78
195	186
196	59
198	110
198	31
198	92
198	84
198	134
198	73
198	42
199	189
199	10
199	21
199	130
199	180
199	20
199	5
199	99
199	181
200	73
200	51
200	47
201	89
202	187
202	100
202	136
202	124
202	134
202	144
202	149
202	130
202	33
203	20
203	138
203	156
203	120
203	62
203	180
203	145
203	67
203	46
203	173
203	150
203	171
203	30
204	54
204	39
204	14
204	43
204	97
205	152
205	25
205	69
205	60
205	157
205	27
205	194
206	111
206	12
207	150
207	124
207	134
207	94
207	120
208	75
208	95
208	168
208	48
209	57
209	23
209	18
209	94
209	48
210	2
210	107
211	30
211	2
211	210
211	154
211	88
211	171
212	132
212	87
212	115
212	140
212	48
212	64
213	68
213	100
214	60
214	95
214	112
214	168
214	2
214	142
215	169
215	97
216	117
216	177
216	67
216	114
216	119
217	96
217	104
217	25
217	173
217	32
217	85
219	118
219	157
220	205
220	134
220	127
220	117
221	184
221	205
221	1
221	152
221	25
221	220
221	69
221	110
221	154
221	202
222	184
222	1
222	221
223	174
223	211
223	30
223	98
224	103
224	99
224	68
224	148
224	12
225	135
225	179
225	9
226	95
227	94
227	59
227	192
228	68
228	130
229	199
229	130
229	68
230	223
230	211
230	153
230	60
230	224
231	199
231	21
231	189
231	229
231	10
231	130
231	18
231	4
231	55
231	74
231	104
232	58
232	160
233	94
234	64
234	57
235	123
235	55
235	188
235	197
235	28
235	15
235	73
235	222
235	51
235	176
235	53
236	14
236	136
236	202
236	221
236	130
236	163
236	7
237	1
237	69
237	185
238	197
238	235
238	211
238	218
239	48
239	165
239	117
240	11
240	168
240	60
240	188
241	31
242	160
242	17
242	218
243	154
243	37
243	44
243	168
243	74
243	94
244	226
244	164
244	60
244	54
244	48
245	131
245	8
245	198
246	225
246	201
246	192
246	179
246	128
246	222
246	31
246	196
247	128
247	122
248	99
248	164
248	34
248	185
249	31
249	196
249	32
250	127
250	137
250	160
251	8
251	245
252	207
252	202
252	14
252	236
252	31
253	109
253	190
253	38
253	78
253	131
253	44
253	86
253	166
253	154
254	193
254	43
254	119
255	213
255	12
255	137
255	42
255	67
255	24
256	106
256	159
256	137
256	130
256	12
256	220
256	77
257	66
257	158
257	55
257	251
257	182
258	131
258	8
258	63
258	240
259	42
259	11
259	212
260	105
260	166
260	172
260	73
260	200
260	167
260	80
260	242
260	145
260	88
260	6
260	257
260	223
260	92
260	76
260	1
261	95
262	111
262	217
262	210
262	198
263	219
263	118
263	86
263	98
263	121
263	54
264	4
264	137
265	99
265	68
265	175
265	90
266	244
266	258
267	185
267	26
267	141
267	2
267	49
267	73
267	216
268	80
268	258
268	253
268	135
269	131
269	251
269	258
269	253
269	168
270	70
270	126
270	27
270	163
270	249
270	92
270	198
270	31
270	83
270	110
270	116
270	85
270	95
270	64
270	173
270	238
270	101
270	5
270	26
270	4
271	216
272	103
272	164
272	4
272	239
272	68
272	155
273	250
273	113
273	44
273	194
273	6
274	93
274	9
274	176
274	44
274	188
274	26
275	18
275	99
275	192
276	67
276	115
276	76
277	155
277	59
277	177
277	22
277	47
277	267
277	250
277	207
278	154
278	203
278	62
279	168
279	67
279	60
279	179
279	87
279	221
279	58
280	248
280	48
280	176
280	138
280	173
281	41
281	253
281	109
281	179
282	43
282	203
282	195
282	120
282	122
282	153
282	156
282	20
282	186
282	177
282	281
282	112
282	158
282	189
283	60
283	261
283	20
283	180
283	200
283	168
283	172
284	267
284	63
285	203
285	180
285	197
285	202
286	12
287	94
287	173
287	59
287	58
287	71
287	176
287	98
287	186
288	39
288	193
288	98
288	126
288	59
289	54
289	207
289	204
289	124
289	9
289	63
290	50
290	65
290	194
290	142
290	45
290	97
290	125
290	214
290	55
290	260
291	40
291	140
291	148
291	144
291	254
291	193
291	99
291	49
291	127
292	2
292	211
292	52
292	127
292	27
292	214
293	32
293	158
293	169
293	124
293	111
294	217
294	206
294	111
294	96
295	210
295	211
295	223
295	2
295	53
295	292
295	230
295	120
295	177
295	49
295	225
295	283
295	3
295	142
296	171
296	114
296	186
297	203
297	102
297	120
297	282
297	189
297	249
298	13
298	8
298	289
299	34
299	176
299	71
299	121
299	147
299	99
299	123
299	131
299	223
299	145
299	67
299	87
299	202
300	37
300	154
300	72
300	44
300	68
300	213
300	137
301	92
301	70
301	256
301	152
302	178
302	225
302	192
302	179
302	156
302	241
302	251
303	1
303	119
304	219
304	98
305	81
305	85
305	192
305	304
305	117
306	274
306	9
306	27
306	60
307	63
307	146
307	33
307	60
307	95
307	151
307	270
307	36
307	235
307	73
307	172
308	203
308	285
308	109
309	240
309	92
309	164
309	86
310	134
310	202
310	187
310	136
310	76
310	124
310	54
310	128
310	205
310	24
310	95
310	67
310	238
310	37
311	175
312	91
312	309
312	11
312	240
312	261
312	38
312	294
312	119
312	164
313	37
313	300
313	44
313	145
313	296
313	270
314	311
314	72
314	248
315	20
315	156
315	102
315	120
315	129
315	138
315	203
315	285
315	297
315	195
315	282
315	180
315	22
315	272
315	306
315	268
316	217
316	104
316	271
316	86
316	258
316	4
317	177
317	64
317	225
318	149
318	88
318	56
318	307
318	106
318	212
318	161
319	249
319	31
319	270
319	297
319	41
319	300
320	214
320	63
320	95
320	112
320	67
321	98
321	202
322	90
322	74
322	161
322	268
322	191
322	82
322	6
322	119
322	105
322	314
322	59
322	94
322	78
322	27
323	176
323	147
323	161
323	33
323	180
323	140
323	2
324	150
324	39
324	54
324	100
324	136
324	124
324	134
324	236
324	87
324	307
324	99
324	116
324	95
324	45
324	28
325	279
325	67
325	77
326	120
326	315
326	308
326	129
326	20
326	203
326	102
326	65
326	88
326	261
327	27
327	83
327	110
327	126
327	13
327	179
328	101
328	77
328	263
328	219
328	228
328	321
328	118
328	98
328	181
328	103
328	301
328	18
328	144
328	247
328	279
328	43
328	179
329	156
329	186
329	315
329	203
329	20
329	326
329	282
329	109
329	313
329	105
330	225
330	178
330	179
330	37
330	74
331	328
331	219
331	263
331	77
331	101
331	98
331	181
331	41
331	135
331	203
331	290
331	183
331	85
331	72
332	322
332	74
332	119
332	37
333	81
333	231
334	160
334	73
334	167
334	2
334	193
334	176
334	37
334	249
334	234
334	198
334	31
334	272
335	160
335	105
335	172
335	334
335	242
335	192
335	246
335	235
335	297
335	148
335	6
336	136
336	134
336	208
337	131
337	8
337	258
337	69
338	61
338	165
338	64
338	109
338	225
338	172
339	17
339	109
339	133
339	294
339	3
339	186
339	120
339	175
340	306
340	9
340	289
340	184
341	296
341	305
341	36
341	220
341	282
341	136
342	90
342	119
342	290
342	246
342	21
343	136
343	288
343	124
343	134
343	14
343	333
343	182
343	95
344	249
344	27
344	116
344	126
344	70
344	270
344	11
344	225
344	136
344	247
345	37
345	154
345	44
345	129
345	224
346	184
346	25
346	1
346	220
346	69
346	258
346	340
346	153
347	234
347	338
347	61
347	212
347	279
347	77
348	175
348	33
349	188
349	259
349	238
349	235
349	33
349	182
349	192
349	152
350	279
350	67
350	260
350	334
351	167
351	105
351	172
351	73
351	242
351	188
351	281
351	279
352	118
352	86
352	67
352	194
352	284
352	199
353	57
354	130
354	231
354	199
354	10
354	202
354	109
354	186
355	168
355	182
355	279
355	331
356	246
356	330
356	302
356	179
356	270
356	154
356	269
356	273
356	172
356	127
356	10
356	2
357	333
357	225
357	179
357	77
357	40
357	339
357	80
357	315
358	157
358	226
358	266
358	233
358	201
358	180
358	235
358	142
358	245
358	315
359	307
359	60
359	283
359	269
359	310
359	222
359	176
360	99
360	224
360	98
361	152
361	25
361	222
361	346
361	303
361	257
361	185
361	258
362	41
362	281
362	38
362	349
362	204
362	14
363	152
363	237
363	220
363	44
363	338
363	73
363	320
363	341
363	182
364	63
364	64
365	31
365	27
365	221
365	2
366	37
366	243
366	98
367	341
367	305
367	114
367	349
367	38
367	170
368	348
368	49
368	13
368	205
368	1
368	22
369	55
369	188
369	42
369	238
369	259
369	349
369	235
369	313
369	311
369	11
369	297
370	41
370	109
370	17
370	16
370	362
370	339
370	38
370	216
370	212
370	295
370	32
370	104
370	152
370	33
370	270
370	44
371	11
371	309
371	312
371	240
371	99
371	349
372	93
372	78
373	168
373	162
373	64
373	122
373	9
374	131
374	245
374	269
374	202
374	226
375	266
375	233
375	317
375	127
375	78
376	209
376	353
376	23
376	207
376	31
377	241
377	286
377	19
377	346
377	303
377	221
377	152
377	220
377	184
377	1
377	361
377	69
377	6
377	85
377	67
377	300
377	26
377	309
377	154
377	57
377	179
378	159
378	137
378	37
378	167
379	302
379	192
379	179
379	270
379	38
379	156
379	163
380	290
380	65
380	45
380	50
380	125
380	307
380	173
380	124
380	40
380	47
380	54
381	205
381	220
381	223
381	179
381	251
382	223
382	53
382	306
382	73
382	350
383	217
383	294
383	316
383	206
383	111
383	96
383	262
383	230
383	260
384	233
384	225
384	365
384	285
384	10
384	95
385	219
385	328
385	331
385	352
385	372
385	230
385	136
385	173
385	317
385	2
385	75
386	31
386	198
386	249
386	27
386	92
386	84
386	126
386	270
386	129
386	95
386	200
386	160
386	288
386	340
386	221
387	359
387	33
387	331
387	383
387	155
388	161
388	90
388	119
388	222
388	94
388	361
388	123
388	79
388	19
389	255
389	185
389	127
389	213
389	267
389	12
389	6
389	116
389	377
389	54
389	73
389	252
389	370
389	66
389	131
390	296
390	85
390	305
390	341
390	171
390	36
390	114
390	143
390	64
390	18
390	14
390	221
390	66
391	324
391	288
391	310
391	291
391	290
391	328
391	325
392	381
392	152
392	377
392	361
392	375
392	223
392	293
392	374
393	174
393	211
393	223
393	2
393	30
393	295
393	230
393	305
393	358
393	243
393	264
393	121
393	330
393	252
393	136
393	338
393	154
394	127
394	267
394	389
394	185
394	218
394	388
394	205
394	381
394	42
394	203
394	78
394	246
394	179
395	194
395	380
395	97
395	68
396	310
396	187
396	150
396	202
396	136
396	246
396	220
396	283
396	212
397	154
397	97
398	211
398	210
398	53
398	2
398	295
398	230
398	68
398	37
398	314
398	150
398	3
398	24
399	314
399	388
399	217
399	97
400	287
400	94
400	59
400	214
400	134
400	31
400	28
400	395
401	260
401	51
401	200
401	297
401	369
401	336
401	173
402	4
402	103
402	265
402	68
402	363
402	148
402	381
403	367
403	390
403	81
403	36
403	394
403	135
403	389
403	271
404	265
404	48
404	248
404	402
404	15
404	99
404	224
404	98
404	200
404	355
404	65
405	18
405	275
405	343
405	365
405	210
405	207
406	85
406	114
406	196
407	376
407	209
407	57
407	27
407	177
408	168
408	108
408	279
408	67
408	71
408	403
408	310
408	273
409	117
409	369
409	109
409	139
410	168
410	182
410	350
410	28
410	67
410	272
410	263
410	352
410	25
410	90
411	177
411	317
411	400
411	84
411	395
412	312
412	309
412	91
412	383
413	87
413	212
413	209
413	331
413	38
413	304
414	196
414	67
414	56
414	186
415	107
415	94
415	59
415	277
415	114
415	386
415	34
415	98
415	113
416	98
416	180
416	365
417	117
417	275
418	113
418	273
418	241
418	185
418	38
419	253
419	17
419	339
419	109
419	223
420	66
420	32
420	293
420	257
420	39
420	219
420	382
420	306
421	4
421	272
421	68
421	33
421	197
421	326
421	113
421	299
421	136
421	394
422	394
422	267
422	389
422	299
422	313
422	419
422	404
422	36
422	263
422	163
422	97
422	223
422	81
423	73
423	80
423	160
423	172
423	21
423	199
423	368
423	300
423	178
424	4
424	371
424	260
424	198
424	244
424	258
425	94
425	317
425	415
425	400
425	59
425	177
425	90
425	267
425	214
425	345
425	53
425	49
425	130
425	408
426	105
426	260
426	172
426	200
426	303
426	69
426	248
427	176
427	299
427	325
427	157
427	302
427	273
427	298
427	252
427	351
428	290
428	395
428	97
428	4
428	185
429	381
429	19
429	291
429	192
429	274
430	232
430	415
430	287
430	94
430	425
430	173
430	177
430	322
430	231
430	222
430	328
431	415
431	425
431	232
431	59
431	384
431	307
432	347
432	234
432	338
432	61
432	165
432	64
432	65
432	67
432	196
432	193
432	361
432	68
432	190
432	177
433	106
433	159
433	378
433	137
433	127
433	103
433	61
433	101
434	329
434	129
434	203
434	120
434	122
434	90
434	160
435	376
435	209
435	23
435	169
436	287
436	94
436	400
436	430
436	155
436	317
436	177
436	277
436	93
436	272
436	40
436	379
436	133
436	218
437	154
437	37
437	417
438	383
438	217
438	316
438	131
438	339
439	63
439	214
439	261
439	8
439	244
440	88
440	149
440	56
440	87
440	253
440	344
441	375
441	244
441	362
441	66
441	124
441	219
442	405
442	18
442	275
442	48
442	235
442	230
444	103
444	68
444	404
444	4
444	99
444	118
444	296
444	86
445	65
445	290
445	45
445	380
445	97
445	221
446	109
446	38
446	383
446	326
447	22
447	232
447	173
447	425
447	58
447	256
447	140
447	212
447	45
448	237
448	303
448	241
448	377
448	69
448	310
448	50
448	233
448	9
448	239
448	369
449	296
449	390
449	305
449	36
449	114
449	300
449	62
449	439
450	169
450	420
450	215
450	158
450	257
450	321
450	378
450	186
450	362
451	82
451	191
451	33
451	353
452	76
452	136
452	187
452	39
452	324
452	343
452	202
452	310
452	224
452	348
452	282
452	110
452	440
452	167
453	356
453	247
453	333
453	201
453	192
453	179
453	141
453	320
453	114
453	131
453	199
453	269
453	429
454	346
454	377
454	119
454	301
455	244
455	419
455	119
455	203
455	290
456	197
456	369
456	235
456	224
456	15
457	22
457	94
457	173
457	425
457	430
457	431
457	447
457	420
457	320
457	291
457	73
457	423
457	315
457	132
457	92
458	221
458	152
458	429
458	448
458	19
458	354
458	389
458	426
458	272
458	388
458	187
458	232
458	400
458	333
458	63
459	163
459	198
459	270
459	94
459	1
459	36
459	98
460	359
460	33
460	208
460	202
460	337
460	324
460	1
461	15
461	264
461	404
461	272
461	421
461	4
461	360
461	350
461	117
461	6
461	119
461	392
461	44
462	378
462	188
462	371
462	41
463	99
463	272
463	402
463	15
463	404
463	224
463	220
463	177
463	69
463	85
464	190
464	41
464	133
464	74
464	360
464	15
465	34
465	299
465	71
465	147
465	220
465	227
465	156
466	107
466	173
466	22
466	436
466	400
466	177
466	430
466	425
466	227
466	76
466	4
466	385
466	370
466	141
466	236
466	372
467	248
467	272
467	68
467	424
467	99
467	77
467	133
467	211
468	399
468	314
468	40
468	221
468	466
469	267
469	127
469	394
469	389
469	141
469	284
469	12
469	82
469	120
469	182
469	172
469	73
470	87
470	212
470	413
470	132
470	323
470	43
471	40
471	140
471	148
471	144
471	291
471	460
471	299
471	457
471	150
472	324
472	136
472	124
472	14
472	183
472	470
472	81
473	253
473	109
473	38
473	201
473	87
474	415
474	317
474	94
474	430
474	425
474	59
474	177
474	193
474	2
474	274
474	192
474	199
474	318
475	176
475	299
475	214
475	43
475	13
476	63
476	359
476	283
476	138
476	375
476	363
477	141
477	469
477	31
477	465
477	170
477	73
478	299
478	176
478	34
478	427
478	106
478	438
478	306
478	402
478	312
479	260
479	73
479	185
479	229
480	32
480	169
480	257
480	90
481	280
481	404
481	272
481	170
481	95
481	20
482	457
482	436
482	177
482	415
482	224
482	300
482	213
483	347
483	234
483	338
483	61
483	64
483	233
484	291
484	40
484	140
484	401
484	376
484	204
485	160
485	89
485	260
485	166
485	51
485	335
485	172
485	334
485	426
485	73
485	167
485	423
485	255
485	95
485	389
485	3
485	199
485	118
486	37
486	345
486	98
486	88
486	51
487	169
487	293
487	450
487	420
487	32
487	66
487	158
487	263
487	137
487	2
487	328
488	154
488	37
488	44
488	143
488	345
488	397
488	437
488	243
488	300
488	278
488	486
488	366
488	313
488	72
488	119
488	223
488	102
488	5
488	245
488	157
488	443
488	200
488	217
488	354
488	369
489	455
489	358
489	384
489	107
489	262
489	134
490	74
490	451
490	52
490	90
490	342
490	322
490	388
490	6
490	119
490	374
490	343
490	43
490	389
490	431
490	369
490	117
490	302
490	462
490	336
491	244
491	358
491	384
491	157
491	441
491	377
491	271
491	400
491	101
491	219
492	490
492	74
492	52
492	161
492	90
492	322
492	6
492	119
492	413
492	218
492	267
492	127
492	130
492	229
492	450
492	355
493	130
493	199
493	237
493	87
493	31
494	352
494	139
494	77
494	328
494	263
494	219
494	331
494	461
494	66
494	115
494	172
494	168
494	325
494	477
495	136
495	324
495	452
495	207
495	134
495	124
495	146
495	8
495	260
496	173
496	400
496	474
496	436
496	177
496	319
497	376
497	407
497	435
497	209
497	57
497	379
497	130
497	237
498	176
498	184
498	14
498	30
498	271
499	106
499	433
499	378
499	137
499	183
499	84
500	386
500	31
500	84
500	34
500	422
500	492
500	103
501	491
501	358
501	489
501	375
501	36
501	164
501	33
501	154
501	370
501	130
501	20
501	270
501	381
502	416
502	328
502	139
502	494
502	282
502	254
502	485
503	481
503	4
503	68
503	74
503	173
503	345
503	137
503	257
503	240
504	355
504	373
504	325
504	168
504	28
504	67
504	302
504	238
504	70
505	214
505	41
506	369
506	18
506	384
506	383
506	132
507	26
507	185
507	389
507	213
507	267
507	284
507	394
507	422
507	469
507	12
507	328
507	431
507	1
507	471
507	32
507	488
507	61
507	428
507	390
507	474
507	227
507	205
507	489
508	85
508	81
508	171
508	367
508	390
508	403
508	406
508	36
508	114
508	348
508	124
508	184
508	371
508	152
508	360
508	410
509	314
509	468
509	485
509	9
509	103
509	68
509	192
509	156
510	178
510	379
510	247
510	330
510	453
510	225
510	246
510	302
510	192
510	135
510	179
510	128
510	270
510	297
510	176
510	30
510	380
510	361
510	250
510	338
510	267
510	195
510	422
510	206
510	37
510	346
511	106
511	433
511	137
511	497
511	284
511	73
511	354
512	490
512	90
512	342
512	119
512	276
513	131
513	8
513	396
513	379
513	186
514	26
514	507
514	127
514	389
514	213
514	267
514	284
514	394
514	477
514	462
514	469
514	12
514	179
514	130
514	72
514	390
514	206
514	136
514	62
514	150
514	315
514	102
514	421
514	33
514	353
514	110
515	386
515	83
515	31
515	84
515	177
515	385
515	224
515	264
516	405
516	18
516	442
516	62
516	343
517	414
517	373
517	162
517	410
517	350
517	325
517	168
517	355
517	182
517	408
517	279
517	108
517	28
517	196
517	276
517	67
517	267
517	260
517	202
517	390
517	241
517	95
517	36
517	264
517	453
517	16
517	483
517	154
518	507
518	127
518	26
518	267
518	389
518	382
518	315
518	259
518	494
518	413
518	162
518	110
519	182
519	28
519	67
519	166
519	310
520	425
520	59
520	430
520	474
520	177
520	466
520	293
520	31
520	182
520	394
520	109
520	110
520	118
521	453
521	333
521	356
521	379
521	225
521	246
521	247
521	357
521	201
521	510
521	302
521	192
521	135
521	179
521	128
521	316
521	173
521	325
521	248
521	10
521	231
521	155
521	267
521	182
521	120
521	405
521	346
521	220
522	127
522	218
522	26
522	185
522	267
522	422
522	507
522	394
522	284
522	462
522	170
522	299
522	304
522	451
522	461
522	492
522	188
523	315
523	129
523	43
523	285
523	20
523	180
523	483
523	347
523	191
523	453
523	97
523	291
524	43
524	203
524	195
524	297
524	62
524	180
524	190
524	335
524	162
524	519
525	190
525	17
525	16
525	370
525	279
525	108
525	98
525	467
526	505
526	95
526	510
526	191
527	4
527	164
527	15
527	239
527	280
527	272
527	421
527	264
527	424
527	463
527	503
527	224
527	67
527	452
527	295
527	390
527	39
527	258
528	42
528	369
528	349
528	407
528	353
528	269
528	266
528	424
529	168
529	108
529	182
529	408
529	519
529	325
529	355
529	350
529	162
529	517
529	196
529	504
529	67
529	115
529	393
529	197
529	447
529	22
529	59
529	234
529	261
529	475
530	8
530	251
530	507
530	30
531	379
531	201
531	192
531	179
531	384
531	37
531	502
531	517
531	6
531	169
531	514
532	260
532	89
532	479
532	73
532	167
532	485
532	426
532	172
532	166
532	160
532	334
532	80
532	423
532	202
532	412
532	482
532	324
532	292
532	338
532	181
532	388
532	177
532	436
532	456
533	244
533	384
533	501
533	226
533	343
533	518
533	424
534	506
534	369
534	528
534	42
534	238
534	349
534	235
534	386
534	328
534	210
534	291
534	384
534	290
534	170
534	466
535	299
535	121
535	323
535	478
535	34
535	176
535	59
535	394
535	279
535	517
535	95
535	87
535	263
536	287
536	173
536	425
536	324
536	468
537	523
537	315
537	180
537	334
537	192
537	392
538	226
538	157
538	489
538	501
538	384
538	441
538	346
538	85
538	473
539	338
539	432
539	61
539	377
539	155
539	526
539	114
540	117
540	271
540	225
540	520
540	306
540	254
540	287
541	534
541	188
541	259
541	55
541	301
541	69
541	307
541	60
542	244
542	501
542	375
542	538
542	422
542	59
543	334
543	532
543	485
543	260
543	242
543	54
543	161
543	146
543	31
543	81
543	191
544	152
544	222
544	221
544	1
544	448
544	19
544	220
544	286
544	346
544	92
544	283
544	31
544	402
544	164
544	470
544	101
544	185
545	37
545	154
545	300
545	397
545	313
545	278
545	44
545	488
545	34
545	417
545	98
545	383
545	494
545	190
545	96
545	185
545	507
545	63
546	306
546	78
546	93
546	9
546	483
546	369
546	81
546	441
546	109
546	496
546	221
547	54
547	187
547	136
547	150
547	204
547	252
547	391
547	124
547	134
547	174
547	208
547	226
547	211
547	358
547	173
548	86
548	331
548	118
548	494
548	502
548	156
548	244
548	61
548	355
548	505
548	277
548	295
548	493
548	83
549	190
549	17
549	41
549	339
549	362
549	38
549	370
549	211
549	333
549	389
549	52
549	67
549	162
549	324
549	248
550	221
550	152
550	205
550	286
550	329
550	310
551	547
551	39
551	299
551	481
551	192
552	244
552	491
552	437
552	96
552	215
552	166
552	154
552	371
553	103
553	164
553	248
553	421
553	264
553	461
553	532
553	11
553	124
553	344
553	13
553	69
553	100
553	200
554	545
554	37
554	488
554	297
554	442
554	237
554	89
555	381
555	454
555	458
555	377
555	361
555	76
555	425
555	135
555	233
556	99
556	404
557	356
557	225
557	379
557	247
557	178
557	246
557	453
557	357
557	531
557	521
557	201
557	510
557	302
557	192
557	135
557	179
557	385
557	172
557	376
557	490
557	110
557	21
557	352
557	47
557	321
557	97
557	4
557	169
557	160
557	186
557	18
557	519
558	214
558	146
558	387
558	460
558	320
558	261
558	335
558	501
558	535
558	377
558	485
558	163
558	221
558	452
558	234
559	532
559	479
559	67
559	56
559	210
559	364
560	453
560	557
560	531
560	192
560	349
560	398
561	394
561	507
561	522
561	469
561	152
561	538
561	17
561	179
562	85
562	406
562	390
562	171
562	367
562	508
562	449
562	36
562	114
562	489
562	131
562	47
562	231
562	65
562	523
562	181
563	314
563	468
563	509
563	91
563	285
563	206
563	140
564	387
564	307
564	3
564	63
564	460
564	95
564	7
564	283
564	389
564	341
564	345
564	495
564	346
564	32
565	186
565	297
565	537
565	282
565	3
565	458
565	142
565	375
565	42
566	113
566	418
566	6
566	270
566	416
566	354
566	359
567	546
567	306
567	274
567	93
567	340
567	78
567	9
567	372
567	44
567	410
567	129
567	534
567	150
567	556
567	183
567	176
567	505
567	557
568	32
568	158
568	487
568	293
568	480
568	169
568	257
568	512
568	423
568	315
568	485
568	161
568	114
568	69
568	441
568	180
569	553
569	272
569	103
569	461
569	556
569	421
569	68
569	4
569	527
569	224
569	389
569	8
569	198
569	305
569	219
569	514
569	246
570	432
570	338
570	387
570	148
570	72
571	40
571	471
571	140
571	291
571	484
571	254
571	437
571	331
571	14
571	553
571	60
572	231
572	199
572	229
572	130
572	354
572	67
572	227
572	132
572	352
572	485
572	523
573	18
573	405
573	516
573	275
573	284
573	322
573	60
574	170
574	531
574	501
574	145
574	68
575	405
575	18
575	442
575	516
575	275
575	231
575	430
575	109
575	159
575	396
576	77
576	328
576	331
576	352
576	416
576	485
576	370
576	517
576	354
576	501
576	315
576	215
576	425
576	411
576	150
577	168
577	410
577	529
577	279
577	350
577	276
577	418
577	31
577	435
577	62
577	119
577	77
577	177
577	93
578	17
578	281
578	498
578	549
578	525
578	444
578	219
578	404
578	494
578	37
578	538
579	200
579	334
579	532
579	73
579	423
579	316
579	443
579	364
579	325
580	173
580	400
580	520
580	205
580	404
580	100
581	106
581	433
581	137
581	201
581	310
581	84
581	262
581	206
581	68
582	221
582	346
582	377
582	331
582	117
582	179
583	376
583	57
583	209
583	427
583	346
583	334
583	22
583	195
584	98
584	118
584	331
584	139
584	385
584	461
584	130
584	190
584	337
584	105
584	171
585	518
585	394
585	469
585	218
585	185
585	422
585	441
585	546
585	330
585	2
585	106
585	134
585	578
585	445
585	420
586	117
586	314
586	184
586	349
586	132
586	480
586	1
587	97
587	380
587	290
587	194
587	395
587	245
587	562
587	176
588	37
588	154
588	44
588	103
588	451
588	249
588	200
589	343
589	39
589	207
589	452
589	289
589	547
589	288
589	202
589	124
589	134
589	310
589	165
589	469
589	315
589	529
589	12
589	389
589	447
589	98
589	110
589	456
590	87
590	212
590	470
590	413
590	132
590	115
590	198
590	435
590	276
590	367
591	314
591	399
591	509
591	311
591	83
591	585
591	134
591	510
591	331
592	17
592	253
592	446
592	578
592	370
592	384
592	521
592	90
592	457
592	207
592	252
593	343
593	207
593	202
593	289
593	324
593	589
593	336
593	187
593	134
593	472
593	39
593	310
593	206
593	432
593	529
593	211
593	479
593	315
593	437
593	143
593	102
593	176
593	471
593	275
593	83
593	284
594	363
594	152
594	458
594	1
594	484
594	329
594	159
594	343
594	244
594	443
594	532
594	158
594	229
594	44
595	557
595	521
595	510
595	192
595	179
595	308
595	220
596	512
596	490
596	161
596	6
596	189
596	480
596	157
597	492
597	74
597	161
597	388
597	490
597	322
597	238
597	97
597	592
597	1
597	215
597	302
598	149
598	318
598	88
598	56
598	123
598	87
598	168
598	133
599	279
599	529
599	577
599	67
599	224
599	177
599	272
600	168
600	519
600	504
600	67
600	201
600	178
600	259
600	149
601	294
601	217
601	383
601	316
601	7
601	124
601	209
601	299
601	95
602	4
602	272
602	239
602	15
602	103
602	569
602	437
602	327
602	176
603	331
603	101
603	385
603	304
603	263
603	576
603	494
603	584
603	132
603	65
603	142
603	265
603	298
603	444
603	185
604	151
604	558
604	307
604	364
604	63
604	33
604	283
604	69
604	554
604	265
604	195
604	370
604	253
605	393
605	2
605	211
605	223
605	484
605	578
606	122
606	524
606	62
606	315
606	186
606	282
606	180
606	346
606	460
606	286
606	128
606	598
606	272
607	574
607	170
607	260
607	584
607	370
608	258
608	337
608	269
608	547
608	32
608	74
608	186
609	557
609	521
609	357
609	510
609	179
609	482
610	368
610	5
610	298
610	46
610	49
610	13
610	140
610	492
610	96
610	469
610	315
610	558
610	337
611	260
611	160
611	200
611	485
611	351
611	479
611	47
611	532
611	73
611	172
611	334
611	423
611	145
611	442
611	599
611	177
611	63
611	279
611	199
611	384
611	578
611	433
611	546
611	230
611	377
611	283
612	385
612	352
612	219
612	139
612	494
612	576
612	328
612	98
612	299
612	567
612	528
612	469
612	265
612	551
612	160
613	478
613	535
613	590
613	83
613	397
613	31
613	496
614	221
614	363
614	544
614	241
614	152
614	454
614	220
614	377
614	242
614	219
614	58
614	574
614	526
614	378
614	519
614	586
615	323
615	299
615	147
615	535
615	492
615	136
615	275
615	141
615	606
615	566
615	178
616	568
616	450
616	32
616	420
616	158
616	169
616	215
616	257
616	37
616	7
616	138
616	230
616	564
617	566
617	418
617	250
617	113
617	273
617	212
617	110
617	426
617	137
617	615
618	173
618	177
618	297
618	293
618	490
618	589
619	136
619	324
619	100
619	76
619	134
619	593
619	16
619	331
619	231
619	362
619	44
619	512
620	266
620	552
620	455
620	375
620	538
620	511
620	71
620	2
620	94
620	218
620	616
621	137
621	106
621	433
621	378
621	256
621	159
621	581
621	499
621	511
621	544
621	5
621	527
621	124
621	546
621	203
621	273
622	146
622	558
622	460
622	95
622	208
622	604
622	324
622	539
622	174
622	295
622	535
622	31
622	349
623	280
623	424
623	68
623	565
623	520
623	301
623	445
623	517
623	359
624	99
624	602
624	68
624	623
624	461
624	360
624	569
624	444
624	322
624	266
624	328
625	239
625	272
625	461
625	68
625	481
625	360
625	224
625	318
625	70
625	436
625	485
625	106
625	325
625	343
626	544
626	152
626	184
626	448
626	458
626	19
626	286
626	582
626	69
626	106
626	89
626	624
626	199
626	124
626	6
626	504
626	251
626	83
626	161
627	123
627	528
627	42
627	188
627	197
627	238
627	369
627	456
627	506
627	534
627	541
627	349
627	235
627	130
627	39
627	296
627	231
627	382
627	415
627	126
627	142
627	326
627	60
627	68
627	376
627	518
627	170
628	258
628	337
628	374
628	35
628	490
628	619
628	62
628	452
628	524
629	106
629	137
629	621
629	183
629	369
629	590
629	504
629	375
629	245
630	106
630	159
630	256
630	378
630	137
630	621
630	508
630	259
630	19
630	33
630	172
630	344
630	459
631	216
631	443
631	540
631	409
631	586
631	117
631	271
631	324
631	605
631	408
631	228
631	518
631	484
631	60
631	126
631	446
631	585
632	75
632	33
632	183
632	464
633	37
633	154
633	300
633	44
633	488
633	404
633	117
633	609
634	54
634	124
634	619
634	310
634	633
634	106
634	322
635	118
635	98
635	390
635	323
635	260
635	179
636	338
636	432
636	234
636	539
636	165
636	64
636	603
636	222
636	299
636	273
636	448
636	418
637	324
637	634
637	343
637	54
637	310
637	446
637	200
637	53
637	93
637	96
637	508
638	205
638	377
638	132
638	160
638	248
638	573
638	130
639	389
639	507
639	267
639	394
639	522
639	300
639	388
639	352
639	11
639	557
639	527
639	363
639	549
639	441
639	239
640	617
640	418
640	566
640	186
640	535
640	286
640	89
640	502
640	177
641	37
641	154
641	545
641	143
641	397
641	437
641	313
641	633
641	72
641	588
641	278
641	44
641	488
641	241
641	632
641	206
641	189
641	512
641	137
641	595
641	508
641	479
641	40
641	188
641	214
641	474
641	131
641	387
642	161
642	90
642	388
642	6
642	290
642	495
643	290
643	65
643	50
643	142
643	45
643	97
643	125
643	376
643	631
643	172
643	505
643	487
643	326
644	576
644	219
644	328
644	321
644	502
644	179
644	591
644	532
645	170
645	574
645	529
645	249
645	395
645	300
645	365
645	184
646	557
646	595
646	356
646	225
646	510
646	192
646	135
646	179
646	577
646	584
646	313
646	363
646	621
646	602
646	224
646	187
646	190
646	282
647	260
647	172
647	334
647	73
647	559
647	242
647	360
647	52
647	449
647	279
647	187
647	410
647	342
647	472
647	564
648	259
648	456
648	349
648	369
648	534
648	238
648	541
648	42
648	506
648	188
648	528
648	235
648	488
648	324
648	150
648	573
648	125
648	75
648	20
648	525
648	620
648	81
648	177
648	39
649	399
649	468
649	591
649	509
649	311
649	617
649	613
649	174
649	239
649	543
650	549
650	592
650	370
650	400
650	287
650	494
650	152
651	631
651	417
651	117
651	394
651	546
651	74
651	45
651	277
652	174
652	211
652	223
652	230
652	4
652	641
652	603
652	38
653	426
653	172
653	532
653	47
653	423
653	242
653	489
653	406
653	252
653	210
654	63
654	558
654	460
654	526
654	60
654	283
654	408
654	217
654	383
654	47
654	296
654	328
655	463
655	602
655	444
655	224
655	324
655	620
655	383
655	17
655	290
656	492
656	490
656	161
656	74
656	512
656	52
656	268
656	596
656	451
656	191
656	642
656	322
656	388
656	597
656	6
656	119
656	634
656	295
656	594
656	558
656	425
656	577
656	132
656	545
656	243
656	84
656	323
656	279
657	641
657	154
657	522
657	607
657	109
657	134
657	119
658	146
658	95
658	505
658	364
658	654
658	283
658	112
658	387
658	558
658	60
658	604
658	138
658	209
658	85
658	83
658	525
658	179
658	423
658	282
658	620
658	390
658	71
659	4
659	402
659	421
659	503
659	602
659	238
659	621
659	517
659	398
659	261
660	123
660	627
660	188
660	197
660	369
660	259
660	541
660	349
660	648
660	235
660	523
660	282
660	377
660	186
660	219
660	403
660	557
660	555
660	414
660	521
661	291
661	140
661	40
661	471
661	571
661	484
661	144
661	148
661	254
661	193
661	532
661	448
661	187
661	184
661	329
661	90
661	535
661	654
662	376
662	209
662	407
662	497
662	353
662	583
662	23
662	382
662	92
662	604
662	20
662	317
662	210
662	514
663	319
663	27
663	198
663	327
663	410
663	76
664	175
664	348
664	610
664	13
664	510
664	641
664	187
665	81
665	508
665	390
665	85
665	114
665	128
665	121
665	67
665	616
666	323
666	34
666	71
666	478
666	299
666	221
666	463
666	281
666	315
666	46
667	295
667	382
667	223
667	2
667	336
667	126
667	73
667	489
667	294
667	493
668	161
668	24
668	74
668	119
668	278
668	419
668	549
669	323
669	176
669	34
669	71
669	427
669	125
669	393
669	30
669	559
669	423
670	387
670	460
670	60
670	151
670	103
670	161
670	26
670	247
670	185
671	343
671	619
671	310
671	396
671	454
671	74
671	69
671	576
671	31
672	176
672	613
672	299
672	272
672	315
672	302
672	132
672	191
672	283
673	626
673	555
673	220
673	205
673	25
673	221
673	152
673	286
673	346
673	377
673	577
673	332
673	514
673	576
673	425
673	63
673	547
673	305
674	384
674	489
674	266
674	294
674	569
674	611
675	385
675	331
675	304
675	576
675	612
675	98
675	207
675	485
675	404
675	159
675	533
675	641
676	490
676	492
676	656
676	388
676	6
676	136
676	632
677	106
677	511
677	581
677	378
677	621
677	111
677	492
677	464
678	221
678	205
678	626
678	20
678	462
678	376
678	366
679	678
679	392
679	220
679	594
679	522
679	41
679	153
679	66
679	418
680	518
680	514
680	141
680	389
680	469
680	394
680	26
680	507
680	267
680	639
680	422
680	12
680	404
680	306
680	290
680	111
680	491
680	263
680	457
680	663
680	48
680	609
680	559
680	45
680	532
680	496
681	164
681	15
681	553
681	239
681	68
681	404
681	461
681	467
681	224
681	572
681	95
681	664
681	470
681	587
681	647
682	202
682	637
682	100
682	54
682	547
682	187
682	124
682	324
682	289
682	252
682	134
682	619
682	14
682	593
682	191
682	90
682	8
682	299
682	463
682	602
682	386
682	334
682	65
682	642
682	400
682	109
683	199
683	130
683	259
684	170
684	574
684	645
684	129
684	137
684	324
684	271
684	88
685	549
685	446
685	38
685	339
685	16
685	464
685	498
685	109
685	253
685	473
685	483
685	122
685	564
685	305
685	404
685	152
685	602
685	559
685	436
685	467
686	459
686	344
686	365
686	126
686	83
686	110
686	84
686	31
686	249
686	319
686	116
686	386
686	198
686	163
686	92
686	27
686	270
686	611
686	433
686	451
686	244
686	226
686	32
686	504
686	575
686	59
686	477
686	254
686	210
686	555
686	492
686	403
686	420
686	521
687	175
687	49
687	79
687	130
687	165
687	22
687	263
687	17
688	390
688	403
688	562
688	36
688	386
688	312
688	319
688	214
689	656
689	161
689	492
689	24
689	596
689	6
689	212
689	612
689	298
689	439
689	269
689	115
690	116
690	686
690	27
690	120
690	299
690	337
690	524
691	124
691	619
691	343
691	391
691	136
691	551
691	14
691	593
691	310
691	495
691	595
691	628
691	143
691	257
691	301
691	95
691	405
691	197
692	320
692	95
692	460
692	75
692	33
692	7
692	231
692	510
692	170
692	448
692	405
693	306
693	78
693	9
693	436
693	560
693	685
693	488
693	682
693	337
693	327
694	475
694	323
694	71
694	299
694	613
694	176
694	427
694	642
694	168
694	228
694	310
694	415
695	617
695	113
695	640
695	566
695	250
695	418
695	273
695	491
695	156
695	231
695	9
695	269
695	587
695	384
695	136
696	109
696	578
696	549
696	650
696	281
696	339
696	685
696	370
696	522
696	356
696	343
696	589
696	681
696	478
697	62
697	285
697	523
697	308
697	282
697	315
697	120
697	329
697	326
697	20
697	102
697	203
697	606
697	156
697	180
697	153
697	565
697	122
697	138
697	186
697	558
697	532
697	452
697	521
697	131
697	12
697	450
697	73
697	4
697	222
697	394
697	465
697	499
697	228
697	95
697	478
697	593
697	76
697	677
697	561
698	197
698	369
698	188
698	648
698	211
698	544
698	11
698	351
698	553
699	694
699	666
699	541
699	404
699	482
699	696
700	408
700	168
700	182
700	279
700	529
700	599
700	600
700	577
700	517
700	67
700	270
700	122
700	97
700	223
700	510
700	532
700	227
700	250
700	318
700	397
700	259
700	294
700	202
701	103
701	681
701	164
701	402
701	272
701	655
701	15
701	4
701	421
701	68
701	264
701	360
701	404
701	461
701	503
701	569
701	444
701	224
701	376
701	159
701	491
701	533
701	34
701	203
701	455
701	653
701	219
701	500
701	100
701	209
701	472
701	347
701	54
701	109
702	211
702	2
702	223
702	382
702	393
702	210
702	398
702	295
702	230
702	523
702	355
702	516
702	137
702	423
702	379
702	267
702	320
702	77
702	460
702	547
702	377
702	525
702	521
703	405
703	18
703	573
703	575
703	442
703	275
703	278
703	14
703	390
703	548
704	567
704	340
704	546
704	93
704	78
704	306
704	693
704	9
704	372
704	404
704	425
704	513
704	270
704	254
704	334
704	98
704	116
704	56
704	324
704	598
704	215
705	299
705	427
705	121
705	43
705	572
705	267
705	394
705	27
705	6
705	355
705	82
705	444
706	166
706	335
706	469
706	161
706	527
706	199
706	399
707	514
707	185
707	422
707	585
707	371
707	556
707	652
708	586
708	631
708	443
708	117
708	342
708	252
708	656
708	171
708	602
708	119
708	195
709	413
709	87
709	212
709	470
709	438
709	447
709	479
709	267
710	538
710	244
710	552
710	533
710	294
710	581
710	639
710	152
710	402
711	656
711	492
711	90
711	676
711	119
711	494
711	450
711	609
712	700
712	168
712	182
712	410
712	529
712	577
712	517
712	516
712	177
712	689
712	385
712	597
712	106
712	544
713	443
713	117
713	383
713	264
713	299
713	513
713	94
713	585
714	168
714	410
714	577
714	276
714	67
714	368
714	158
714	5
714	117
714	432
714	289
715	291
715	471
715	140
715	40
715	577
715	638
715	704
715	390
716	274
716	546
716	693
716	35
716	31
716	576
716	67
716	379
717	610
717	46
717	49
717	13
717	111
717	372
717	612
717	63
718	256
718	106
718	677
718	581
718	137
718	621
718	706
718	686
718	60
718	592
718	83
719	25
719	152
719	205
719	544
719	381
719	448
719	458
719	220
719	594
719	679
719	346
719	582
719	377
719	347
719	118
719	607
719	94
719	46
719	642
719	114
719	266
719	246
720	34
720	323
720	176
720	299
720	699
720	427
720	690
720	17
720	649
720	541
720	439
720	240
720	266
720	151
721	412
721	11
721	312
721	309
721	240
721	606
721	114
721	116
721	146
722	170
722	645
722	607
722	684
722	389
722	200
722	31
722	513
722	427
722	71
723	163
723	319
723	686
723	270
723	230
723	719
723	635
724	557
724	246
724	453
724	333
724	510
724	302
724	192
724	179
724	45
724	702
724	507
724	416
724	576
724	204
724	688
725	25
725	594
725	346
725	377
725	62
725	326
725	461
725	85
726	130
726	21
726	199
726	354
726	189
726	231
726	9
726	38
726	91
726	230
726	117
726	524
726	16
726	53
727	338
727	539
727	636
727	165
727	234
727	570
727	347
727	432
727	272
727	469
728	674
728	384
728	501
728	226
728	375
728	358
728	538
728	489
728	244
728	441
728	710
728	529
728	102
728	328
728	172
728	627
728	317
728	547
728	648
728	59
728	624
728	611
728	242
728	316
728	329
729	258
729	628
729	131
729	530
729	8
729	608
729	68
729	80
729	485
729	287
729	126
730	107
730	496
730	457
730	415
730	425
730	177
730	317
730	400
730	456
730	550
730	169
730	557
730	24
731	105
731	172
731	200
731	611
731	653
731	656
731	458
731	649
731	338
731	124
732	603
732	494
732	328
732	487
732	302
732	199
732	12
732	73
732	701
733	29
733	307
733	95
733	261
733	20
733	488
733	147
733	680
733	477
733	469
733	173
734	666
734	720
734	34
734	176
734	475
734	699
734	71
734	299
734	427
734	615
734	535
734	705
734	347
734	54
734	488
734	134
734	124
734	470
734	430
734	413
734	260
734	575
734	345
734	434
734	590
735	2
735	211
735	295
735	223
735	393
735	702
735	210
735	30
735	605
735	398
735	667
735	174
735	53
735	382
735	652
735	292
735	637
735	529
735	302
735	713
735	124
735	536
735	326
735	83
735	402
735	198
735	180
735	627
735	443
735	586
735	567
735	570
735	399
736	22
736	457
736	431
736	474
736	59
736	520
736	177
736	730
736	277
736	101
736	443
736	409
736	85
736	499
736	483
736	223
736	39
737	458
737	222
737	673
737	544
737	354
737	580
737	4
737	494
738	109
738	578
738	253
738	549
738	38
738	685
738	155
738	442
738	448
738	532
738	179
739	432
739	570
739	64
739	342
739	211
740	462
740	389
740	218
740	522
740	422
740	127
740	394
740	267
740	707
740	639
740	507
740	185
740	469
740	680
740	217
740	87
740	315
740	567
740	156
740	478
740	120
740	246
740	404
740	615
740	202
740	686
740	306
740	308
740	538
740	189
740	358
740	260
740	314
740	377
740	221
741	401
741	706
741	532
741	485
741	516
741	93
741	252
741	540
741	654
741	390
742	720
742	694
742	475
742	478
742	699
742	666
742	176
742	613
742	299
742	34
742	323
742	734
742	615
742	147
742	705
742	321
742	401
742	402
742	271
742	647
742	681
742	337
742	473
742	557
742	526
742	439
742	117
742	261
742	124
742	128
743	696
743	41
743	38
743	525
743	370
743	376
743	275
743	557
743	330
743	283
743	331
744	701
744	68
744	556
744	461
744	470
744	551
744	178
744	426
745	87
745	470
745	590
745	132
745	115
745	377
745	487
745	44
745	436
745	251
746	136
746	619
746	682
746	150
746	324
746	124
746	547
746	14
746	187
746	252
746	472
746	207
746	452
746	593
746	734
746	385
746	444
746	390
746	6
746	157
746	535
746	522
746	601
746	149
746	105
746	58
747	706
747	647
747	731
747	51
747	172
747	200
747	485
747	611
747	334
747	160
747	260
747	423
747	242
747	374
747	244
747	563
747	299
747	280
747	414
747	290
747	596
747	324
747	111
747	700
747	219
748	146
748	214
748	558
748	460
748	33
748	60
748	564
748	632
748	95
748	208
748	261
748	203
748	264
748	395
748	244
748	30
748	110
748	295
748	746
748	67
748	137
748	324
749	2
749	30
749	211
749	223
749	702
749	382
749	393
749	210
749	605
749	295
749	735
749	230
749	517
749	541
749	173
749	58
749	129
749	124
749	436
749	650
749	367
749	636
749	685
749	29
749	280
749	658
750	627
750	42
750	648
750	541
750	534
750	188
750	259
750	238
750	660
750	123
750	197
750	698
750	506
750	349
750	369
750	235
750	389
750	302
750	518
750	436
750	368
750	571
750	689
750	114
750	109
750	721
750	310
750	377
750	46
750	502
751	253
751	578
751	464
751	592
751	364
751	168
751	229
751	577
752	244
752	674
752	728
752	691
752	673
752	611
753	31
753	110
753	344
753	386
753	327
753	172
753	621
753	411
753	541
753	266
754	399
754	314
754	563
754	649
754	509
754	242
754	656
754	172
754	300
754	671
755	117
755	443
755	651
755	409
755	656
755	47
755	751
755	202
755	222
755	268
756	176
756	666
756	694
756	734
756	742
756	427
756	705
756	400
756	17
756	106
756	673
756	310
756	129
757	374
757	729
757	530
757	513
757	521
757	275
757	257
758	635
758	331
758	139
758	548
758	494
758	675
758	219
758	328
758	603
758	689
758	749
758	719
758	506
758	284
758	129
758	173
758	327
759	417
759	631
759	457
759	756
759	359
759	556
759	630
760	603
760	304
760	219
760	494
760	228
760	548
760	328
760	331
760	86
760	416
760	385
760	77
760	98
760	576
760	635
760	352
760	101
760	321
760	732
760	502
760	181
760	584
760	187
760	192
760	437
760	658
760	474
760	49
760	622
760	244
760	648
760	136
760	463
760	609
760	614
760	161
760	256
760	472
760	103
760	415
760	147
760	2
760	475
760	696
760	681
761	231
761	199
761	189
761	21
761	572
761	229
761	130
761	354
761	726
761	441
761	87
761	635
761	122
761	158
761	742
761	333
761	653
761	80
761	322
761	95
761	37
761	91
761	446
762	717
762	79
762	49
762	298
762	175
762	676
762	126
762	167
762	33
762	214
763	17
763	109
763	370
763	295
763	701
763	188
763	691
764	87
764	212
764	745
764	176
764	549
764	328
764	50
765	529
765	712
765	414
765	577
765	504
765	67
765	23
765	92
765	71
765	263
765	652
765	29
765	377
765	123
765	49
765	346
766	564
766	33
766	75
766	307
766	283
766	567
766	425
766	708
766	390
766	338
766	611
766	221
766	634
767	389
767	507
767	213
767	26
767	185
767	218
767	514
767	639
767	394
767	522
767	518
767	740
767	469
767	680
767	585
767	12
767	45
767	119
767	220
767	535
767	473
767	335
767	310
767	14
767	478
767	660
767	530
767	296
767	200
767	658
767	624
767	272
767	109
768	630
768	256
768	106
768	137
768	621
768	183
768	427
768	724
768	282
768	564
768	168
768	246
769	394
769	639
769	389
769	422
769	767
769	514
769	590
769	303
769	345
769	557
769	211
770	557
770	178
770	521
770	510
770	302
770	192
770	179
770	112
770	183
770	449
770	152
770	270
771	767
771	514
771	389
771	680
771	585
771	331
771	150
771	510
771	564
771	352
771	264
772	618
772	415
772	457
772	430
772	173
772	155
772	59
772	94
772	425
772	447
772	536
772	400
772	411
772	466
772	507
772	291
772	223
772	380
772	253
772	78
772	260
772	489
772	721
772	152
772	767
772	426
772	70
772	480
772	163
773	742
773	669
773	71
773	147
773	535
773	705
773	295
773	619
773	57
773	302
774	405
774	18
774	573
774	516
774	442
774	437
774	569
774	772
774	281
775	598
775	318
775	149
775	88
775	440
775	56
775	341
775	446
775	37
775	415
775	593
776	348
776	368
776	49
776	762
776	79
776	717
776	610
776	769
776	197
776	115
776	430
776	282
776	233
776	619
777	672
777	427
777	121
777	742
777	720
777	299
777	669
777	734
777	535
777	69
777	351
777	470
777	311
777	549
777	373
777	99
777	3
777	314
778	279
778	517
778	108
778	276
778	67
778	328
778	678
778	770
778	212
778	617
779	290
779	395
779	50
779	428
779	643
779	194
779	97
779	744
779	767
779	656
779	453
779	621
779	519
779	592
779	307
780	249
780	126
780	663
780	163
780	116
780	84
780	110
780	31
780	365
780	686
780	690
780	270
780	260
780	477
780	257
780	158
780	322
780	261
780	26
780	684
780	611
780	247
780	267
780	750
780	742
780	488
780	644
781	164
781	280
781	68
781	210
781	276
781	707
781	411
782	498
782	650
782	38
782	473
782	336
782	420
782	735
782	661
783	716
783	306
783	78
783	274
783	546
783	567
783	693
783	704
783	9
783	372
783	767
783	651
783	718
783	27
783	573
783	223
783	658
783	69
783	37
783	495
783	39
783	195
784	214
784	95
784	632
784	307
784	505
784	670
784	733
784	439
784	564
784	460
784	146
784	526
784	63
784	283
784	658
784	762
784	492
784	645
784	211
784	180
784	304
784	649
784	639
784	185
784	521
784	330
784	693
784	295
784	279
784	602
784	394
785	258
785	628
785	245
785	513
785	251
785	269
785	369
785	742
785	198
785	521
785	430
785	529
786	231
786	572
786	189
786	372
786	668
786	605
786	20
786	730
787	227
787	400
787	94
787	772
787	394
787	189
787	117
787	386
787	617
787	304
788	766
788	63
788	654
788	95
788	733
788	283
788	522
788	560
788	52
788	596
788	517
789	231
789	199
789	130
789	354
789	220
789	449
789	434
789	6
789	14
790	77
790	98
790	304
790	385
790	734
790	632
790	619
790	56
790	424
790	508
790	104
790	763
791	35
791	368
791	610
791	13
791	776
791	374
791	294
791	417
791	498
791	136
791	510
792	358
792	533
792	620
792	375
792	441
792	710
792	534
792	397
792	241
792	495
792	40
792	386
792	681
793	11
793	412
793	91
793	721
793	371
793	501
793	96
793	130
793	488
793	578
793	325
794	217
794	383
794	294
794	111
794	316
794	96
794	206
794	601
794	438
794	104
794	262
794	403
794	51
794	421
794	534
794	737
794	224
794	65
794	106
794	331
794	547
794	99
794	291
795	182
795	700
795	410
795	325
795	279
795	529
795	281
795	353
795	453
795	530
795	421
795	267
795	13
796	548
796	385
796	98
796	328
796	603
796	101
796	228
796	790
796	180
796	580
796	567
796	545
796	18
796	712
796	660
796	66
797	631
797	117
797	586
797	708
797	713
797	216
797	271
797	651
797	759
797	421
797	742
797	109
797	398
797	499
797	179
797	25
797	485
797	603
797	16
798	565
798	43
798	315
798	195
798	326
798	129
798	186
798	156
798	122
798	297
798	203
798	20
798	282
798	180
798	99
798	559
798	411
798	728
798	490
798	481
798	360
798	404
798	236
798	69
798	22
798	68
798	319
799	329
799	434
799	523
799	537
799	606
799	798
799	402
799	485
799	37
800	334
800	351
800	532
800	172
800	73
800	47
800	260
800	647
800	145
800	659
800	631
800	478
800	308
800	357
800	141
800	315
800	491
800	577
801	170
801	574
801	607
801	722
801	684
801	90
801	774
801	258
801	37
801	476
801	711
801	442
801	683
802	291
802	661
802	140
802	40
802	471
802	571
802	484
802	144
802	148
802	715
802	254
802	193
802	205
802	242
802	512
802	757
802	31
802	605
802	557
802	408
802	89
802	772
802	20
803	631
803	713
803	759
803	163
803	394
803	270
803	598
804	127
804	522
804	518
804	514
804	462
804	477
804	185
804	422
804	469
804	585
804	12
804	702
804	747
804	621
804	596
804	470
804	272
804	156
804	361
804	293
804	109
804	82
804	591
804	593
804	764
805	37
805	154
805	641
805	300
805	366
805	44
805	488
805	430
805	199
805	286
805	426
805	758
805	455
805	402
806	538
806	384
806	491
806	244
806	26
806	419
806	395
806	225
806	562
807	338
807	739
807	347
807	432
807	64
807	613
807	631
807	804
807	208
808	337
808	608
808	628
808	513
808	131
808	269
808	107
808	58
808	31
808	231
808	235
809	652
809	749
809	2
809	393
809	440
809	191
809	578
809	640
810	37
810	154
810	545
810	554
810	488
810	430
810	82
810	13
811	507
811	422
811	389
811	267
811	185
811	394
811	767
811	127
811	477
811	462
811	804
811	771
811	680
811	585
811	747
811	683
811	574
811	448
811	456
811	610
811	549
811	604
811	673
811	200
811	509
811	656
811	460
811	156
811	588
811	179
811	417
812	656
812	161
812	490
812	492
812	342
812	268
812	24
812	689
812	74
812	388
812	119
812	249
812	230
812	704
812	71
812	602
812	29
812	681
812	725
812	134
812	73
812	526
812	734
812	111
813	223
813	211
813	2
813	295
813	702
813	210
813	696
813	453
813	244
813	327
813	392
813	517
814	390
814	81
814	403
814	665
814	296
814	508
814	367
814	562
814	114
814	177
814	300
814	400
814	256
814	519
814	344
814	130
814	605
814	134
815	617
815	250
815	273
815	396
815	745
815	490
815	522
816	687
816	298
816	49
816	664
816	610
816	35
816	762
816	791
816	175
816	368
816	348
816	5
816	776
816	377
816	135
816	639
816	542
816	662
816	312
816	469
817	1
817	237
817	184
817	221
817	544
817	448
817	725
817	220
817	638
817	550
817	582
817	241
817	377
817	654
817	609
817	663
817	320
817	685
817	669
817	232
817	538
817	133
818	124
818	150
818	310
818	14
818	324
818	396
818	574
818	436
818	185
818	470
818	585
818	317
818	656
818	718
819	619
819	202
819	100
819	682
819	187
819	746
819	691
819	39
819	14
819	136
819	207
819	724
819	142
819	606
819	282
819	715
819	705
819	416
819	75
819	323
819	277
819	154
819	552
819	683
820	654
820	622
820	748
820	460
820	60
820	786
820	521
820	30
820	612
820	15
821	631
821	708
821	540
821	443
821	409
821	673
821	522
821	719
821	711
821	67
821	701
822	735
822	211
822	223
822	295
822	809
822	636
822	562
822	810
822	149
822	568
822	322
823	172
823	401
823	73
823	611
823	260
823	747
823	242
823	225
823	677
823	74
823	328
823	694
823	603
823	432
823	514
823	617
823	798
824	406
824	390
824	688
824	814
824	341
824	562
824	36
824	346
824	492
824	344
824	474
824	524
824	227
824	819
825	570
825	338
825	636
825	739
825	64
825	217
825	426
825	731
825	796
826	631
826	708
826	755
826	651
826	117
826	759
826	586
826	216
826	540
826	713
826	443
826	271
826	797
826	803
826	204
826	91
826	560
826	17
826	238
826	237
826	84
826	547
826	223
827	794
827	111
827	217
827	294
827	316
827	206
827	262
827	227
827	566
827	686
827	165
827	655
828	130
828	231
828	761
828	493
828	503
828	815
828	377
828	518
828	660
828	498
828	466
828	138
829	297
829	524
829	326
829	315
829	565
829	308
829	798
829	329
829	62
829	606
829	122
829	153
829	129
829	43
829	180
829	697
829	64
829	624
829	223
829	563
829	234
829	680
829	142
829	682
829	805
829	205
829	136
829	811
829	425
830	750
830	541
830	369
830	259
830	456
830	648
830	349
830	627
830	556
830	597
830	663
830	297
830	504
830	651
830	521
830	460
831	130
831	231
831	199
831	761
831	683
831	572
831	828
831	189
831	229
831	786
831	21
831	10
831	354
831	789
831	726
831	493
831	802
831	198
831	443
831	172
831	169
831	168
831	361
831	124
831	335
831	154
831	127
831	544
831	304
831	747
831	719
831	829
832	210
832	749
832	223
832	295
832	292
832	735
832	151
832	562
832	797
832	433
832	282
832	132
832	299
833	631
833	651
833	117
833	417
833	797
833	548
833	488
833	395
833	2
833	386
833	425
833	598
833	112
834	470
834	87
834	115
834	475
834	341
834	680
834	109
835	335
835	172
835	665
835	419
835	307
835	302
835	187
835	44
836	87
836	413
836	470
836	132
836	212
836	834
836	764
836	590
836	115
836	412
836	233
836	23
836	156
836	756
836	452
836	285
836	793
837	231
837	199
837	761
837	572
837	10
837	189
837	786
837	229
837	683
837	130
837	354
837	828
837	831
837	726
837	338
837	92
837	773
837	545
837	771
837	701
837	707
837	536
837	145
837	410
837	192
837	834
837	782
837	570
837	508
837	364
837	807
837	38
838	631
838	826
838	117
838	821
838	708
838	651
838	833
838	759
838	586
838	540
838	443
838	409
838	417
838	755
838	713
838	216
838	271
838	797
838	803
838	487
838	709
838	622
838	767
838	682
838	367
838	529
838	727
838	686
838	666
838	319
838	184
838	470
838	280
839	655
839	623
839	553
839	744
839	99
839	701
839	421
839	424
839	625
839	461
839	681
839	264
839	463
839	404
839	248
839	48
839	444
839	224
839	567
839	237
839	160
839	172
839	763
839	372
839	665
839	173
839	829
839	685
839	267
839	153
839	202
839	87
839	805
839	610
839	480
840	299
840	742
840	176
840	699
840	427
840	777
840	34
840	705
840	231
840	631
840	207
840	391
840	153
840	626
840	587
841	157
841	244
841	620
841	538
841	517
841	840
841	19
841	309
842	429
842	19
842	594
842	673
842	392
842	126
842	383
842	747
842	108
842	785
842	406
842	302
842	521
842	667
843	542
843	358
843	501
843	620
843	676
843	349
843	473
843	594
843	486
843	631
844	714
844	599
844	168
844	325
844	182
844	279
844	410
844	196
844	700
844	765
844	519
844	162
844	517
844	795
844	373
844	504
844	67
844	398
844	272
844	752
844	145
844	34
844	461
844	369
844	654
844	293
844	779
844	759
844	192
844	562
844	735
844	406
844	343
845	87
845	413
845	132
845	107
845	799
845	127
845	622
845	532
845	185
846	639
846	185
846	740
846	767
846	514
846	462
846	389
846	422
846	680
846	585
846	417
846	230
846	428
846	711
846	663
846	270
846	217
846	260
847	747
847	260
847	706
847	485
847	559
847	653
847	532
847	334
847	401
847	351
847	647
847	145
847	67
847	63
847	425
847	694
847	299
847	340
847	538
847	565
847	246
847	489
847	297
847	603
847	187
847	535
848	199
848	231
848	683
848	761
848	837
848	130
848	828
848	831
848	726
848	168
848	474
848	496
848	450
848	440
848	668
848	540
848	246
848	224
849	848
849	231
849	199
849	130
849	726
849	606
849	38
849	463
849	59
849	45
850	719
850	363
850	205
850	817
850	458
850	303
850	725
850	594
850	842
850	638
850	678
850	614
850	69
850	234
850	315
850	185
850	305
850	522
850	252
850	310
850	76
850	838
850	805
850	56
850	492
850	211
850	599
850	799
851	235
851	627
851	349
851	534
851	123
851	750
851	848
851	611
851	391
851	37
851	595
852	158
852	169
852	420
852	616
852	487
852	568
852	257
852	547
852	750
852	107
852	238
852	514
852	380
852	723
853	109
853	253
853	339
853	16
853	525
853	464
853	419
853	38
853	650
853	592
853	751
853	685
853	370
853	133
853	436
853	294
853	175
853	558
853	633
853	750
853	54
853	479
853	644
853	676
853	726
854	279
854	414
854	700
854	599
854	577
854	844
854	67
854	375
854	466
854	14
854	710
854	139
854	621
854	405
855	37
855	154
855	545
855	641
855	44
855	488
855	435
855	831
855	626
855	411
855	245
855	203
855	728
855	375
856	385
856	603
856	548
856	576
856	331
856	635
856	494
856	584
856	125
856	84
856	272
856	36
856	232
856	538
856	795
857	120
857	523
857	606
857	282
857	798
857	525
857	444
857	816
858	376
858	662
858	583
858	435
858	209
858	353
858	23
858	71
858	755
858	166
858	844
858	600
858	55
858	46
859	467
859	99
859	701
859	402
859	103
859	602
859	617
859	606
859	499
859	161
859	213
860	340
860	783
860	704
860	857
860	1
860	211
860	680
860	532
861	511
861	106
861	433
861	137
861	621
861	183
861	772
861	524
861	123
861	349
861	794
861	225
862	611
862	73
862	485
862	532
862	80
862	559
862	543
862	741
862	334
862	366
862	370
862	194
862	168
862	488
862	613
862	223
862	712
862	211
862	119
862	571
863	704
863	716
863	567
863	78
863	93
863	693
863	783
863	274
863	272
863	767
863	720
863	696
863	102
863	369
863	214
863	556
863	53
863	527
863	174
863	27
864	754
864	649
864	591
864	563
864	311
864	644
864	850
864	2
864	431
864	516
865	850
865	184
865	221
865	205
865	448
865	220
865	594
865	842
865	69
865	444
865	144
865	218
865	643
865	585
865	517
865	4
865	38
865	260
865	339
866	716
866	93
866	783
866	546
866	704
866	9
866	13
866	614
866	532
866	745
866	344
866	239
866	432
867	365
867	126
867	686
867	198
867	70
867	344
867	780
867	270
867	301
867	831
867	816
867	703
867	37
867	236
867	332
867	472
867	364
867	453
867	485
868	756
868	742
868	475
868	734
868	535
868	705
868	331
868	749
868	735
868	648
868	340
868	675
869	384
869	728
869	538
869	455
869	157
869	843
869	501
869	244
869	358
869	375
869	674
869	620
869	792
869	806
869	441
869	137
869	464
869	485
869	287
869	286
869	584
869	62
869	502
869	99
869	177
869	395
869	496
869	719
869	416
870	30
870	2
870	735
870	211
870	749
870	832
870	350
870	329
870	34
870	778
870	846
870	199
870	430
871	92
871	500
871	780
871	270
871	301
871	346
871	323
871	661
871	694
871	683
872	514
872	26
872	255
872	185
872	389
872	639
872	267
872	218
872	284
872	767
872	811
872	477
872	141
872	522
872	518
872	740
872	804
872	771
872	680
872	686
872	784
872	746
872	351
872	666
872	775
872	81
872	315
872	857
872	88
872	641
872	41
872	47
872	699
872	723
872	94
872	697
872	574
872	458
872	277
873	302
873	246
873	521
873	192
873	510
873	179
873	102
873	88
873	679
873	719
873	377
873	149
873	124
874	591
874	649
874	468
874	563
874	509
874	603
874	180
874	278
874	290
874	162
875	227
875	425
875	496
875	536
875	107
875	736
875	580
875	430
875	287
875	155
875	436
875	59
875	177
875	618
875	447
875	787
875	772
875	116
875	231
875	872
875	267
875	788
875	661
875	535
875	27
875	643
875	529
875	676
875	96
875	775
876	811
876	514
876	767
876	872
876	680
876	522
876	127
876	740
876	838
876	796
876	627
876	362
876	179
876	499
876	780
877	211
877	295
877	393
877	2
877	735
877	230
877	20
877	485
877	704
877	742
877	243
877	308
877	696
878	388
878	812
878	512
878	90
878	74
878	322
878	268
878	656
878	597
878	6
878	332
878	119
878	572
878	114
878	59
878	152
878	244
878	549
878	154
878	229
878	243
878	722
878	386
878	409
879	576
879	675
879	612
879	385
879	77
879	181
879	548
879	352
879	856
879	644
879	219
879	760
879	584
879	109
879	404
879	322
879	467
879	186
879	564
879	195
879	127
879	171
879	798
879	647
879	496
879	836
879	803
880	492
880	161
880	490
880	74
880	656
880	689
880	342
880	812
880	322
880	597
880	6
880	119
880	673
880	353
880	200
880	461
880	120
880	843
880	122
880	182
881	686
881	663
881	110
881	386
881	116
881	198
881	319
881	83
881	780
881	31
881	27
881	867
881	327
881	723
881	753
881	270
881	301
881	205
881	389
881	746
881	120
881	146
881	726
881	751
881	154
881	2
881	826
881	545
881	724
881	808
881	34
881	875
881	575
881	734
881	219
882	750
882	528
882	369
882	627
882	349
882	224
882	246
882	739
882	38
883	63
883	359
883	307
883	558
883	476
883	505
883	526
883	3
883	60
883	784
883	658
883	547
883	485
883	430
883	134
883	697
883	418
883	562
883	21
883	397
883	196
883	468
883	700
883	736
883	12
884	170
884	574
884	684
884	385
884	159
884	368
885	2
885	749
885	393
885	702
885	223
885	30
885	210
885	53
885	652
885	398
885	832
885	605
885	667
885	877
885	292
885	735
885	230
885	813
885	822
885	870
885	846
885	180
885	263
885	582
885	291
885	447
885	14
885	692
885	719
885	57
885	880
885	680
885	684
885	669
885	727
885	816
885	742
885	674
885	289
885	717
885	564
885	826
886	428
886	290
886	643
886	194
886	142
886	45
886	596
886	220
886	84
886	546
886	777
886	223
886	140
887	451
887	492
887	668
887	656
887	878
887	119
887	93
887	329
887	326
887	149
888	617
888	566
888	113
888	640
888	250
888	695
888	815
888	273
888	868
888	334
888	82
888	497
888	693
888	701
888	886
888	507
889	293
889	66
889	215
889	420
889	480
889	54
889	471
889	400
889	260
889	882
889	38
890	207
890	252
890	14
890	336
890	134
890	54
890	136
890	551
890	682
890	187
890	343
890	202
890	593
890	310
890	818
890	851
890	469
890	311
890	372
890	511
890	33
890	827
890	10
890	338
890	529
890	326
890	122
890	461
891	557
891	521
891	609
891	192
891	179
891	194
891	868
891	853
891	694
892	56
892	88
892	775
892	598
892	318
892	440
892	14
892	680
892	619
892	605
892	487
892	826
892	688
892	853
893	3
893	33
893	214
893	883
893	40
893	124
893	143
893	211
894	237
894	241
894	719
894	842
894	638
894	673
894	69
894	347
894	351
894	810
894	734
894	783
894	88
894	107
895	260
895	351
895	647
895	15
895	842
895	221
895	599
895	328
895	700
896	454
896	850
896	544
896	719
896	152
896	363
896	842
896	241
896	594
896	448
896	377
896	614
896	381
896	457
896	22
896	24
896	735
896	432
896	285
896	848
896	538
896	767
896	124
896	276
896	756
897	170
897	574
897	722
897	801
897	50
897	322
897	527
897	159
897	336
898	405
898	18
898	575
898	573
898	275
898	360
898	668
898	426
898	4
899	37
899	154
899	641
899	545
899	300
899	805
899	855
899	486
899	345
899	657
899	397
899	243
899	554
899	278
899	44
899	488
899	50
899	529
899	378
899	653
899	869
899	83
899	270
899	152
899	636
899	460
899	856
899	393
899	251
899	117
899	40
899	341
899	760
899	331
899	780
899	114
900	43
900	798
900	297
900	180
900	697
900	772
900	719
900	752
900	544
900	619
900	645
901	458
901	842
901	346
901	896
901	880
901	599
901	505
901	117
901	8
901	838
902	233
902	674
902	489
902	455
902	491
902	358
902	501
902	552
902	752
902	841
902	384
902	538
902	728
902	441
902	710
902	556
902	557
902	478
902	852
902	103
902	826
902	315
902	141
902	164
902	703
902	839
902	831
902	327
902	63
903	24
903	74
903	268
903	492
903	90
903	880
903	596
903	668
903	656
903	689
903	711
903	342
903	812
903	322
903	388
903	878
903	6
903	332
903	399
903	213
903	750
903	263
903	831
903	73
903	197
903	154
903	427
903	504
903	727
903	506
903	231
903	129
903	224
903	848
904	71
904	299
904	323
904	478
904	615
904	620
904	864
904	648
904	603
904	804
904	407
905	185
905	394
905	518
905	514
905	389
905	113
905	56
905	610
905	875
906	756
906	176
906	427
906	535
906	777
906	299
906	529
906	612
906	410
906	850
906	65
906	93
906	818
906	338
907	591
907	314
907	864
907	563
907	649
907	754
907	311
907	414
907	367
907	261
907	400
907	225
908	794
908	217
908	438
908	206
908	316
908	294
908	96
908	373
908	407
908	810
908	14
909	335
909	426
909	611
909	51
909	559
909	532
909	351
909	145
909	569
909	699
909	908
909	538
909	377
909	91
909	772
910	540
910	586
910	631
910	117
910	759
910	826
910	833
910	797
910	803
910	476
910	522
910	549
910	404
910	730
910	809
911	215
911	480
911	257
911	32
911	889
911	726
911	682
911	527
911	503
911	326
911	529
912	557
912	302
912	192
912	609
912	646
912	531
912	521
912	379
912	724
912	246
912	453
912	595
912	179
912	128
912	68
912	463
912	454
912	606
912	648
912	619
912	175
912	529
912	714
912	490
912	434
912	14
912	767
912	826
912	361
913	2
913	749
913	702
913	382
913	885
913	605
913	735
913	230
913	822
913	381
913	67
913	887
913	410
913	726
913	284
913	95
913	538
914	126
914	881
914	83
914	116
914	386
914	198
914	249
914	270
914	515
914	92
914	459
914	500
914	31
914	869
914	137
914	103
914	406
914	267
914	520
914	536
914	461
914	288
914	391
914	857
915	697
915	122
915	315
915	102
915	326
915	829
915	156
915	523
915	524
915	649
915	592
915	155
915	412
915	131
915	184
915	512
915	41
916	182
916	700
916	408
916	168
916	529
916	517
916	196
916	844
916	129
916	68
916	95
916	444
916	746
916	902
916	734
916	328
917	333
917	453
917	379
917	557
917	521
917	724
917	560
917	510
917	302
917	873
917	179
917	507
917	61
917	387
917	12
917	645
917	610
917	237
918	305
918	688
918	403
918	390
918	494
918	161
918	366
918	425
918	917
919	613
919	666
919	615
919	465
919	734
919	742
919	616
919	733
919	61
919	205
919	346
920	227
920	173
920	415
920	496
920	425
920	436
920	59
920	177
920	411
920	893
920	443
920	274
920	896
920	75
920	846
920	841
920	150
920	297
920	199
921	498
921	38
921	41
921	763
921	525
921	17
921	549
921	853
921	253
921	109
921	578
921	738
921	696
921	419
921	133
921	878
921	56
921	375
921	59
921	666
921	829
921	144
921	914
921	140
921	544
921	700
921	754
921	528
921	465
921	625
921	116
921	590
921	831
922	559
922	426
922	160
922	47
922	823
922	835
922	847
922	287
922	17
922	469
922	382
922	625
922	876
923	37
923	899
923	641
923	300
923	545
923	154
923	44
923	92
923	609
923	270
923	910
923	507
923	550
923	615
923	624
924	187
924	452
924	671
924	324
924	136
924	682
924	310
924	736
924	434
924	403
924	9
924	797
925	231
925	837
925	130
925	831
925	726
925	387
925	158
925	817
925	461
925	878
926	302
926	225
926	510
926	357
926	521
926	356
926	179
926	31
926	750
926	121
926	102
926	358
926	783
927	735
927	393
927	667
927	749
927	605
927	230
927	702
927	885
927	75
927	229
927	219
927	84
927	517
927	478
927	146
927	842
927	379
928	106
928	137
928	433
928	378
928	256
928	159
928	630
928	861
928	768
928	718
928	581
928	499
928	677
928	629
928	621
928	183
928	205
928	108
928	405
928	226
928	716
928	202
928	811
928	192
928	590
928	79
928	231
928	545
928	15
928	832
928	686
929	529
929	182
929	517
929	700
929	67
929	90
929	205
929	735
929	597
929	192
930	46
930	79
930	687
930	49
930	298
930	242
930	761
930	604
930	359
930	699
930	98
931	1
931	429
931	594
931	363
931	901
931	679
931	842
931	737
931	458
931	222
931	221
931	237
931	626
931	205
931	184
931	303
931	614
931	69
931	400
931	798
931	471
931	527
931	13
931	348
931	358
931	185
931	641
931	452
931	192
931	928
931	507
931	338
931	604
931	769
931	816
932	514
932	185
932	507
932	872
932	141
932	522
932	804
932	725
932	44
932	690
933	532
933	260
933	745
933	211
933	817
933	328
933	49
933	169
934	831
934	130
934	231
934	199
934	837
934	761
934	828
934	848
934	493
934	786
934	572
934	726
934	636
934	203
934	51
934	666
934	621
934	839
934	472
934	462
934	932
934	718
934	917
934	914
935	439
935	63
935	526
935	460
935	883
935	387
935	214
935	476
935	29
935	820
935	622
935	33
935	364
935	558
935	307
935	632
935	733
935	766
935	7
935	112
935	604
935	261
935	666
935	147
935	203
935	686
935	445
935	737
935	798
935	719
935	730
935	571
935	888
935	572
935	87
935	108
935	64
935	674
935	652
935	430
935	356
935	287
935	544
935	488
936	886
936	290
936	779
936	142
936	428
936	395
936	45
936	33
936	875
936	486
936	69
936	378
936	431
937	598
937	149
937	88
937	56
937	892
937	903
937	773
937	656
937	931
937	686
938	315
938	62
938	606
938	20
938	297
938	180
938	43
938	326
938	203
938	829
938	932
938	272
938	816
938	838
938	367
938	346
938	193
938	349
938	178
938	47
939	170
939	574
939	897
939	884
939	645
939	684
939	761
939	310
939	631
939	123
939	74
939	267
939	602
940	347
940	636
940	338
940	432
940	165
940	64
940	844
940	621
940	433
940	514
940	290
940	237
941	37
941	154
941	641
941	899
941	545
941	366
941	805
941	855
941	143
941	345
941	300
941	923
941	72
941	486
941	657
941	397
941	588
941	437
941	243
941	44
941	488
941	591
941	608
941	329
941	739
941	548
941	838
941	653
941	80
941	135
941	518
941	299
941	31
941	180
941	59
941	730
941	742
941	461
941	736
941	389
941	430
942	507
942	462
942	767
942	141
942	846
942	606
942	282
942	486
942	433
942	941
942	532
943	177
943	520
943	431
943	772
943	920
943	482
943	430
943	287
943	110
943	116
943	931
943	814
943	231
943	249
944	263
944	228
944	675
944	548
944	760
944	790
944	427
944	170
944	534
944	633
944	448
944	187
945	775
945	598
945	318
945	88
945	56
945	24
945	121
945	199
945	211
945	2
945	42
946	553
946	839
946	655
946	503
946	625
946	72
946	63
946	260
946	566
946	38
946	345
947	719
947	544
947	448
947	19
947	303
947	931
947	614
947	522
947	548
947	115
947	403
947	603
947	103
947	923
947	445
948	845
948	470
948	764
948	212
948	413
948	834
948	745
948	113
948	369
948	625
948	824
948	38
948	188
948	343
949	87
949	212
949	413
949	845
949	132
949	709
949	470
949	836
949	590
949	745
949	115
949	124
949	209
949	595
949	880
949	20
949	36
949	394
949	582
949	856
949	187
950	617
950	640
950	250
950	273
950	94
950	307
950	235
950	221
950	321
950	385
951	323
951	34
951	666
951	613
951	299
951	176
951	904
951	478
951	121
951	672
951	773
951	615
951	840
951	868
951	535
951	906
951	705
951	490
951	108
951	106
951	24
951	260
951	42
951	530
951	310
951	458
951	257
951	872
951	880
951	909
951	425
951	172
951	943
951	368
951	916
952	297
952	697
952	798
952	285
952	43
952	606
952	180
952	282
952	829
952	203
952	79
952	936
952	467
952	488
952	19
952	281
952	652
952	853
952	177
952	707
953	306
953	704
953	546
953	9
953	783
953	78
953	693
953	860
953	716
953	93
953	567
953	673
953	508
953	96
953	407
953	832
953	376
953	839
953	661
953	494
953	907
953	412
953	820
953	180
953	762
954	48
954	461
954	527
954	4
954	827
954	223
954	947
954	69
954	220
955	270
955	386
955	686
955	84
955	31
955	198
955	92
955	459
955	207
955	106
955	314
955	177
955	593
955	467
955	488
955	189
956	246
956	379
956	510
956	192
956	179
956	553
956	139
956	54
956	826
956	943
957	478
957	756
957	868
957	951
957	720
957	73
957	805
957	104
957	355
958	334
958	479
958	862
958	895
958	933
958	422
958	515
958	179
958	656
958	739
958	348
959	95
959	33
959	151
959	564
959	935
959	654
959	893
959	112
959	351
959	129
959	93
959	891
959	515
959	696
959	487
959	49
959	341
960	947
960	377
960	614
960	152
960	363
960	719
960	850
960	98
960	872
960	600
960	551
960	253
960	315
960	777
961	27
961	110
961	344
961	84
961	780
961	365
961	686
961	690
961	301
961	697
961	533
961	147
961	303
961	32
961	569
961	745
961	285
961	214
962	370
962	190
962	592
962	578
962	782
962	358
962	688
962	29
962	514
962	938
962	10
963	124
963	39
963	324
963	187
963	547
963	391
963	76
963	14
963	435
963	928
963	507
963	67
963	499
963	264
963	667
963	130
963	10
964	863
964	704
964	567
964	953
964	546
964	920
964	358
964	960
964	579
964	582
964	278
965	549
965	592
965	38
965	498
965	962
965	696
965	921
965	370
965	109
965	763
965	362
965	446
965	308
965	21
965	210
965	914
965	903
965	896
965	232
965	753
965	469
965	656
965	161
965	136
965	908
966	390
966	918
966	449
966	508
966	562
966	296
966	81
966	341
966	171
966	85
966	305
966	367
966	403
966	114
966	148
966	564
966	522
966	180
966	116
966	334
966	717
966	19
966	514
966	517
966	664
966	146
966	532
966	754
967	498
967	592
967	921
967	696
967	109
967	775
967	740
967	844
967	303
967	684
968	765
968	355
968	700
968	577
968	529
968	168
968	196
968	812
968	292
968	39
968	961
968	393
968	366
969	742
969	705
969	734
969	299
969	535
969	875
969	469
969	468
969	187
969	537
970	424
970	602
970	461
970	839
970	421
970	265
970	402
970	99
970	68
970	659
970	946
970	781
970	404
970	264
970	681
970	625
970	954
970	48
970	224
970	817
970	203
970	299
970	354
970	682
970	457
970	749
970	378
970	829
970	705
970	252
970	94
970	243
970	115
970	253
970	488
970	471
970	757
970	849
971	37
971	154
971	641
971	345
971	545
971	300
971	437
971	633
971	657
971	805
971	810
971	899
971	554
971	923
971	941
971	44
971	488
971	777
971	62
971	178
971	369
971	71
971	898
971	149
971	768
971	738
971	839
971	817
971	573
971	829
971	401
971	621
972	141
972	477
972	522
972	769
972	12
972	804
972	767
972	507
972	740
972	680
972	811
972	639
972	518
972	876
972	267
972	872
972	218
972	585
972	284
972	255
972	631
972	197
972	584
972	606
972	753
972	203
972	825
972	48
972	545
972	162
972	614
972	569
972	880
972	650
972	591
972	705
972	183
972	532
972	923
972	15
973	214
973	820
973	63
973	439
973	935
973	733
973	784
973	788
973	658
973	548
973	971
973	92
973	812
973	677
973	510
973	872
973	172
973	538
973	289
974	640
974	250
974	418
974	113
974	888
974	566
974	950
974	815
974	273
974	282
974	691
974	433
974	415
974	432
974	141
974	621
974	369
974	538
975	494
975	328
975	101
975	331
975	385
975	228
975	416
975	548
975	576
975	603
975	98
975	732
975	59
975	627
975	35
975	93
975	592
975	182
975	299
975	641
975	527
975	971
975	897
975	903
975	279
975	530
976	170
976	574
976	801
976	722
976	645
976	897
976	884
976	607
976	939
976	684
976	957
976	874
976	729
976	842
976	433
976	87
976	946
976	528
976	235
977	485
977	260
977	647
977	172
977	653
977	747
977	835
977	847
977	933
977	544
977	178
977	902
977	2
977	158
977	64
977	369
977	816
977	758
977	315
977	884
978	953
978	783
978	567
978	546
978	860
978	704
978	749
978	490
978	890
978	223
978	332
978	935
978	887
979	811
979	872
979	767
979	740
979	585
979	639
979	804
979	1
979	723
979	405
979	4
979	976
979	142
980	31
980	753
980	110
980	92
980	116
980	750
980	735
980	784
980	307
980	854
981	831
981	130
981	354
981	199
981	231
981	761
981	493
981	848
981	934
981	415
981	221
981	597
981	694
981	110
981	438
981	99
981	74
981	748
982	245
982	131
982	530
982	258
982	337
982	757
982	269
982	309
982	324
982	460
982	569
982	929
982	680
982	232
983	507
983	811
983	585
983	469
983	740
983	514
983	518
983	767
983	872
983	26
983	394
983	561
983	389
983	194
983	697
983	882
983	980
983	140
983	420
983	283
983	924
983	332
983	67
983	128
983	295
983	90
984	719
984	638
984	205
984	865
984	679
984	960
984	529
984	826
984	207
984	311
984	294
985	501
985	752
985	552
985	620
985	902
985	869
985	179
985	291
985	756
985	480
985	41
985	782
986	567
986	860
986	704
986	863
986	953
986	535
986	614
986	261
986	721
986	158
987	182
987	529
987	765
987	517
987	519
987	789
987	448
987	735
987	704
987	655
987	415
988	233
988	384
988	728
988	843
988	501
988	675
988	170
988	496
988	429
988	454
989	312
989	309
989	240
989	721
989	793
989	91
989	593
989	493
989	151
989	259
989	859
989	349
989	660
990	187
990	136
990	150
990	252
990	288
990	336
990	76
990	452
990	472
990	391
990	202
990	551
990	124
990	619
990	637
990	963
990	14
990	236
990	890
990	593
990	310
990	818
990	819
990	529
990	6
990	84
990	931
990	188
990	369
990	216
990	394
990	730
990	15
990	316
990	351
990	861
990	37
990	510
990	514
990	117
990	31
990	979
990	265
990	799
990	726
990	884
990	603
990	542
991	63
991	214
991	364
991	307
991	622
991	558
991	3
991	564
991	95
991	959
991	112
991	579
991	592
991	781
991	205
991	282
991	917
991	180
991	397
991	242
991	798
991	605
992	781
992	556
992	424
992	623
992	444
992	537
992	105
992	80
992	172
992	18
993	612
993	879
993	790
993	331
993	86
993	548
993	219
993	603
993	321
993	139
993	760
993	181
993	304
993	576
993	494
993	98
993	263
993	328
993	796
993	975
993	970
993	7
993	51
993	651
993	459
993	105
993	614
993	681
993	542
993	554
993	919
993	262
993	176
993	682
993	302
993	545
993	747
993	594
993	986
993	984
993	934
994	648
994	660
994	188
994	235
994	349
994	627
994	750
994	829
994	6
994	905
994	476
994	72
994	378
994	527
995	990
995	202
995	124
995	134
995	819
995	836
995	519
995	968
995	221
995	569
995	460
996	166
996	334
996	647
996	485
996	160
996	172
996	335
996	977
996	73
996	200
996	532
996	559
996	611
996	80
996	823
996	747
996	835
996	895
996	909
996	933
996	859
996	136
996	898
996	322
996	497
996	578
996	154
996	452
996	393
996	935
996	504
996	377
996	499
996	218
996	396
996	817
996	307
996	303
996	981
996	962
996	168
997	990
997	551
997	134
997	746
997	593
997	353
997	618
997	167
997	860
997	558
998	400
998	457
998	173
998	618
998	232
998	772
998	783
998	308
998	932
998	199
998	389
998	269
998	34
998	656
999	37
999	154
999	437
999	545
999	397
999	641
999	805
999	899
999	941
999	44
999	488
999	656
999	890
999	674
999	186
999	550
999	26
999	803
999	228
999	614
999	720
999	846
1000	920
1000	155
1000	173
1000	425
1000	580
1000	436
1000	496
1000	177
1000	457
1000	400
1000	772
1000	411
1000	998
1000	494
1000	612
1000	235
1000	774
1000	941
1000	897
1000	817
1000	902
1000	504
1000	605
1000	505
1000	992
1000	394
1000	890
