66	55
68	49
92	69
94	87
99	64
118	47
126	44
126	33
128	11
134	123
138	93
141	53
148	109
150	144
151	106
152	93
153	111
161	160
162	96
164	113
164	88
164	61
166	94
170	123
172	7
172	102
176	83
179	34
180	69
182	107
184	101
184	67
184	29
186	85
188	109
188	119
188	71
189	160
190	71
190	95
192	5
193	64
195	118
195	64
195	130
199	108
200	119
202	184
206	145
207	90
207	5
208	55
208	83
208	52
208	105
209	172
210	119
213	192
215	10
216	74
216	153
216	41
216	42
218	34
219	98
220	98
220	37
220	53
222	114
223	63
223	46
224	37
224	41
224	131
226	216
227	166
229	60
232	153
233	128
235	162
235	133
236	21
236	143
237	20
238	91
239	145
240	89
240	137
240	51
240	1
240	85
240	17
242	188
242	141
243	93
243	224
244	37
244	45
248	10
248	67
248	77
248	155
251	165
251	46
251	77
252	71
252	58
252	21
252	11
252	166
252	1
252	15
252	225
254	1
255	73
255	34
255	157
255	166
256	21
256	1
256	196
256	9
257	240
257	252
258	192
258	223
258	124
258	191
258	128
259	252
259	240
259	238
260	232
260	253
261	60
261	243
261	200
262	51
262	215
264	113
264	190
265	246
265	24
265	152
265	232
265	248
265	71
265	244
266	255
267	126
267	81
268	255
269	252
271	254
272	148
273	96
273	224
274	256
274	227
274	175
276	96
277	172
277	248
277	128
277	240
277	208
277	212
279	250
279	199
280	255
280	252
280	165
281	248
281	244
282	248
282	240
283	136
284	110
285	112
287	34
287	114
288	161
288	225
288	102
291	250
291	253
293	224
294	192
295	90
295	254
295	112
297	248
297	221
297	184
297	160
297	208
299	214
299	88
300	145
301	192
302	245
303	256
303	157
303	146
304	209
304	129
304	212
304	67
304	222
305	230
305	240
306	236
306	152
306	190
308	205
308	221
308	11
308	173
309	100
310	204
310	208
310	92
311	30
311	210
312	203
312	193
312	130
312	161
312	153
312	106
312	265
313	248
313	198
314	255
314	184
314	215
316	225
316	78
316	206
316	193
316	71
317	194
318	148
318	83
319	129
319	146
319	130
319	168
319	186
320	235
320	226
320	69
320	228
321	56
321	255
321	168
322	191
322	128
322	256
323	110
323	166
323	190
324	254
325	252
325	228
325	256
326	192
327	321
327	206
327	184
329	144
329	247
329	215
330	319
330	185
331	8
331	58
332	117
333	248
333	184
334	178
334	177
334	166
334	243
336	266
336	168
337	254
338	251
338	227
338	176
339	186
339	174
339	316
340	173
340	191
341	204
341	208
342	135
342	52
342	170
342	173
343	174
343	170
343	154
344	225
345	232
345	151
346	48
346	231
347	168
348	237
349	228
349	180
350	172
350	336
351	164
351	162
352	172
352	165
352	163
352	251
352	197
352	161
352	129
352	49
352	131
352	177
352	145
352	254
352	234
352	78
353	96
353	168
353	148
353	192
353	138
355	154
356	57
356	253
357	256
357	146
358	209
359	156
359	250
360	26
360	42
360	170
360	185
360	159
361	149
362	224
362	151
363	216
363	214
363	22
363	222
363	86
364	261
364	17
364	296
365	184
365	224
366	192
367	147
367	52
368	240
368	135
368	134
368	140
368	18
368	353
368	129
368	131
369	144
369	30
370	207
371	79
372	141
372	147
372	138
372	197
372	29
372	286
373	136
374	157
374	144
375	129
375	267
375	90
375	36
375	1
375	201
376	167
376	9
376	157
376	266
376	172
376	105
376	153
376	185
376	137
377	135
377	175
378	271
378	170
379	190
379	350
379	160
380	147
380	141
380	130
380	149
380	165
380	258
381	134
381	156
381	84
381	179
381	73
382	97
382	129
382	11
382	148
382	133
382	7
382	45
382	34
382	100
383	39
383	137
383	18
383	132
383	154
383	142
383	370
383	143
384	139
384	33
384	45
384	178
384	135
384	67
384	136
384	138
384	153
384	234
384	105
384	27
384	233
384	133
384	195
384	211
385	80
385	376
385	112
385	382
385	240
385	384
386	128
386	95
387	253
387	224
387	380
388	214
389	92
389	256
389	127
389	372
390	191
391	376
391	123
393	96
393	256
394	216
394	111
395	351
395	117
396	94
396	354
396	118
397	372
397	376
398	100
398	291
398	57
399	54
399	52
399	212
399	116
400	369
400	326
400	316
401	240
401	328
401	88
401	238
401	384
401	304
402	328
402	92
403	248
403	342
403	236
404	252
404	106
404	93
405	67
405	66
405	185
406	383
406	161
406	99
406	109
406	10
406	236
408	234
408	34
408	362
408	113
409	39
409	72
409	100
409	183
409	104
410	127
410	117
410	151
410	97
410	105
410	88
410	237
411	366
411	102
411	382
411	66
412	103
412	246
412	54
413	380
413	323
413	376
414	76
414	97
414	384
414	119
414	355
414	98
415	360
415	382
415	46
416	367
416	105
416	53
417	86
418	32
418	216
418	253
419	48
419	382
420	125
420	222
421	104
421	64
421	380
422	287
423	218
423	4
423	90
423	128
424	105
424	354
424	71
425	384
425	208
425	415
425	84
425	360
425	312
426	343
426	95
426	275
426	197
426	128
427	213
427	253
428	69
428	199
428	86
429	128
429	24
429	114
430	67
430	53
430	83
431	410
431	76
431	340
432	89
432	25
432	33
432	82
432	157
432	21
432	81
433	128
435	42
435	95
435	237
436	221
436	253
436	13
436	77
436	140
437	430
437	201
437	217
437	384
438	27
438	74
438	91
439	92
439	346
439	396
439	105
440	79
440	233
440	308
440	329
440	209
440	65
440	74
440	139
440	53
441	4
441	168
442	63
442	275
443	325
443	114
443	138
443	80
444	83
444	5
445	68
445	76
445	155
445	66
445	131
445	103
445	67
446	291
446	30
446	331
446	398
446	11
446	67
446	179
446	375
446	116
447	18
447	98
447	68
447	65
447	140
447	356
447	202
447	82
448	398
448	355
448	130
448	68
448	146
448	101
448	66
448	323
448	406
448	261
448	41
448	157
448	337
448	105
448	65
448	170
448	113
448	125
448	257
448	115
449	175
449	19
449	192
450	128
450	430
451	280
452	318
452	432
453	150
454	191
454	379
454	64
455	304
455	119
455	58
456	445
456	89
456	63
456	223
456	297
457	33
457	440
457	319
457	320
458	247
458	439
458	21
458	301
459	22
459	25
459	134
460	177
460	246
460	37
460	376
461	34
461	448
461	72
461	376
462	211
462	52
463	45
463	54
463	52
463	290
464	34
464	49
464	156
464	41
464	177
464	145
465	383
465	304
466	367
467	192
467	190
468	10
468	35
468	37
468	105
468	233
468	3
469	132
469	172
470	102
470	111
470	425
470	41
470	64
470	348
470	9
470	55
470	315
471	325
471	26
471	42
471	130
471	316
471	48
471	76
471	97
472	233
472	43
472	41
472	122
472	37
472	44
472	162
472	58
472	158
472	15
473	244
473	408
473	198
474	44
474	303
474	50
474	296
474	38
475	40
475	38
475	310
475	357
475	456
476	3
476	371
476	37
476	263
476	353
476	181
476	289
476	226
476	149
476	41
477	72
477	164
477	65
478	86
478	290
478	167
478	4
478	5
478	55
478	33
478	115
478	465
478	35
478	195
478	357
479	122
479	260
479	274
479	35
479	46
479	418
479	401
479	98
479	417
479	50
479	157
480	166
480	277
480	444
480	225
480	5
480	33
480	41
480	299
480	73
480	370
480	297
480	289
480	355
480	133
480	305
480	35
480	298
480	290
480	129
480	13
480	170
480	2
480	36
481	286
481	320
482	192
483	294
484	27
484	25
484	45
484	259
485	282
485	32
485	182
485	222
485	60
485	26
485	352
486	258
486	17
486	77
487	138
487	10
487	18
487	34
487	328
487	185
488	201
488	249
488	17
488	13
488	9
488	479
489	7
489	480
489	135
489	274
490	21
490	32
491	72
491	390
491	152
492	299
492	405
492	17
492	147
492	21
492	278
492	173
493	148
493	343
493	336
493	3
493	100
493	2
494	84
494	289
494	212
494	82
494	127
494	151
494	19
494	307
494	267
494	35
495	412
495	114
495	403
495	170
495	71
495	26
495	60
495	86
495	491
495	194
495	22
496	310
496	284
496	273
496	274
496	135
496	93
496	266
496	82
496	22
496	380
496	222
496	18
496	45
496	17
496	28
496	349
496	146
496	264
496	2
497	112
498	15
498	29
498	124
498	12
498	104
498	443
498	63
498	424
498	274
499	30
499	228
499	74
499	78
499	437
499	15
500	262
500	400
500	6
500	61
500	135
500	193
500	29
501	13
501	44
501	210
501	140
501	144
501	227
502	139
502	67
502	54
502	180
502	284
502	42
502	239
502	265
502	332
503	43
503	325
503	410
503	28
503	158
503	346
503	38
503	75
503	14
504	137
504	170
504	257
504	449
504	29
504	201
504	142
504	154
504	155
504	129
504	11
504	107
504	325
504	318
504	173
504	302
504	303
504	42
504	44
504	3
504	265
504	69
504	79
505	8
505	224
505	20
505	192
506	82
506	264
506	29
506	92
506	69
506	459
506	77
506	387
506	45
506	281
507	257
507	6
507	92
507	261
507	390
507	22
507	206
507	172
507	141
507	417
508	105
508	257
508	269
508	357
508	65
508	7
508	293
508	139
508	9
508	439
508	151
508	33
508	326
508	75
508	285
508	258
509	84
509	4
509	259
509	258
509	275
509	116
509	18
509	272
509	136
509	6
509	227
509	265
509	33
510	3
510	359
510	213
510	17
510	155
510	68
510	387
510	268
510	148
510	5
510	170
510	133
510	458
510	263
510	1
510	14
510	399
510	7
510	260
510	275
510	247
511	118
511	149
511	146
511	33
511	388
511	193
511	97
511	209
511	17
511	9
511	69
511	50
511	418
511	282
511	387
511	154
511	66
511	74
511	98
512	11
512	135
512	5
512	307
512	314
512	129
512	418
512	73
512	69
512	65
512	481
512	291
512	49
512	394
512	50
512	266
512	25
512	35
512	27
512	391
512	133
512	75
512	66
512	17
512	131
512	325
512	417
512	53
512	147
512	3
512	134
512	294
512	20
512	132
513	512
513	236
513	352
513	501
513	440
513	511
513	383
513	431
513	444
513	496
513	224
513	480
513	508
513	492
513	192
513	504
513	256
513	446
514	352
514	512
514	508
514	256
514	446
514	287
514	447
514	188
514	502
514	127
514	363
514	248
514	480
515	508
515	506
515	456
515	472
515	430
515	510
515	254
515	350
515	412
515	474
515	382
515	502
515	295
515	414
516	478
516	250
516	510
516	126
516	439
516	253
516	502
517	496
517	512
517	507
517	128
517	444
517	508
517	255
517	436
517	460
518	508
518	207
518	316
518	371
518	480
518	487
518	201
518	427
518	512
518	509
519	432
519	380
519	512
519	510
519	446
519	354
519	447
519	220
519	378
519	508
519	364
520	507
520	506
520	509
520	154
520	511
520	448
521	448
521	504
521	248
521	508
521	484
521	372
521	496
521	380
521	64
521	452
521	512
521	503
521	462
522	499
522	384
522	495
522	248
522	320
522	247
522	502
522	510
522	215
523	512
523	498
523	494
523	438
523	502
523	509
523	416
523	504
523	246
523	430
524	447
524	154
524	467
524	351
524	401
524	417
525	506
525	479
525	222
525	315
525	504
525	460
525	444
525	464
525	316
525	384
525	440
525	470
526	473
526	508
526	507
526	480
526	436
526	505
527	422
527	244
527	443
527	168
527	472
527	503
527	482
528	244
528	466
528	503
528	411
528	440
528	382
529	510
529	484
529	512
529	444
529	376
529	428
529	488
529	496
529	464
529	432
529	479
529	492
529	276
530	499
530	432
530	240
530	511
530	496
530	479
530	430
530	184
530	187
530	111
531	462
531	240
531	464
531	494
531	454
531	256
532	495
532	432
532	493
532	486
532	368
532	358
533	508
533	382
533	496
533	364
533	184
533	236
533	428
533	432
533	164
533	437
533	116
534	491
534	436
535	508
535	362
535	36
535	506
535	491
535	101
535	109
535	509
536	494
536	448
536	445
536	205
536	489
536	203
536	490
536	512
536	226
537	495
537	512
537	367
537	504
537	472
537	456
537	256
537	488
538	54
538	432
538	488
538	464
538	387
538	504
539	424
539	360
539	486
539	438
539	472
539	502
540	229
540	487
540	333
540	453
541	180
541	449
541	436
541	508
542	372
542	481
542	47
542	540
542	508
542	247
542	501
542	35
542	381
543	458
543	170
543	504
543	487
543	497
544	251
544	295
544	408
544	453
544	482
544	173
544	131
545	350
545	464
545	256
545	502
545	480
545	445
545	351
545	479
545	352
545	240
546	224
546	456
546	512
546	415
546	511
546	480
546	479
546	477
546	384
547	464
547	476
547	502
547	504
547	470
547	266
547	362
547	512
547	348
547	442
547	503
548	505
548	510
548	324
548	348
548	222
548	269
549	21
549	508
549	505
549	512
549	479
549	416
549	478
549	332
549	252
549	448
549	404
550	436
550	416
550	455
550	346
550	473
551	506
551	268
551	461
551	480
551	246
551	347
551	218
551	510
552	341
552	505
552	478
552	465
552	222
552	475
552	69
552	479
552	185
552	476
553	472
553	403
553	239
553	480
553	500
553	512
553	510
554	53
554	119
554	487
554	504
554	496
554	435
554	223
555	149
555	349
555	500
556	125
556	94
556	275
556	439
556	506
556	449
556	465
557	320
557	471
557	408
557	308
558	472
558	499
558	155
558	411
558	468
559	499
559	500
559	252
560	449
560	497
560	50
560	475
560	377
560	461
560	470
560	412
560	364
560	283
560	194
561	414
561	496
561	336
562	479
562	483
562	252
562	458
562	543
562	496
562	432
563	476
563	492
563	311
563	509
563	382
563	204
563	208
563	268
564	80
564	55
564	457
564	496
564	409
564	462
564	95
564	143
564	390
564	142
564	335
565	458
565	395
565	170
565	416
565	364
565	512
566	492
566	462
566	503
566	363
566	391
566	351
567	500
567	460
567	462
567	318
567	48
568	25
568	211
568	186
568	403
568	489
568	249
568	202
568	490
568	119
569	464
569	468
569	246
569	332
569	232
569	463
570	438
570	451
570	497
570	470
570	471
570	383
570	485
571	454
571	504
571	488
571	478
571	464
571	366
572	388
572	469
572	406
572	389
572	359
572	269
572	130
572	321
572	205
573	339
573	500
573	420
573	392
573	227
573	145
573	448
573	452
573	386
574	207
574	212
574	484
574	241
574	18
574	459
574	483
574	460
574	203
574	487
574	419
574	260
574	163
574	455
574	271
574	20
574	335
574	333
574	240
575	356
575	134
575	487
575	199
575	352
575	130
575	201
576	457
576	450
576	337
576	272
576	478
576	385
576	280
576	454
576	465
576	130
576	258
576	323
576	507
576	357
576	321
576	267
576	75
576	453
576	90
576	193
577	504
577	512
577	414
577	479
577	384
577	412
577	448
577	480
578	445
578	443
578	447
578	446
578	379
578	472
578	503
578	496
578	512
578	511
578	416
579	496
579	506
579	448
579	382
579	478
579	183
579	508
579	510
580	439
580	253
580	443
580	442
580	409
580	448
580	510
580	301
580	512
581	540
581	476
581	500
581	434
581	255
581	248
581	440
581	244
581	512
581	152
581	59
581	217
582	512
582	458
582	250
582	490
582	443
583	444
583	506
583	448
583	438
583	508
583	512
584	444
584	243
584	460
584	507
584	497
585	471
585	384
585	448
585	430
585	438
585	488
586	152
586	464
586	319
586	375
586	444
586	120
586	312
587	446
587	448
587	438
588	479
588	405
588	437
588	493
588	402
589	434
589	460
589	347
589	444
589	180
589	498
589	256
590	307
590	435
590	309
590	499
590	379
590	312
590	410
590	445
590	501
591	52
591	446
591	300
591	510
591	500
592	46
592	132
592	305
592	415
592	243
592	405
592	446
593	566
593	302
593	368
593	64
593	496
593	144
593	351
593	208
593	512
593	240
593	448
593	174
593	48
594	429
594	192
594	437
594	511
594	431
594	446
595	256
595	431
595	494
595	297
595	510
595	238
595	133
596	400
596	190
596	367
596	429
596	446
596	53
597	431
597	41
597	425
597	284
597	261
597	331
597	272
597	358
597	488
597	300
597	443
597	46
598	403
598	363
598	495
598	427
598	428
598	362
599	417
599	444
599	490
599	506
599	505
599	508
599	313
599	170
599	236
599	462
599	448
600	361
600	129
600	485
600	257
600	318
600	401
600	496
600	171
600	169
601	512
601	424
601	422
601	464
601	360
601	184
601	34
601	403
601	406
601	503
601	496
601	440
601	488
602	289
602	341
602	485
602	456
602	501
602	436
602	253
602	55
602	182
602	287
602	496
602	503
603	485
603	512
603	446
603	400
603	300
603	397
603	210
603	317
603	386
603	165
603	301
603	373
604	387
604	98
604	421
604	376
604	423
604	357
604	389
604	173
604	461
604	490
604	385
605	236
605	500
605	419
605	357
605	226
605	420
606	235
606	419
606	484
606	35
606	65
606	437
606	436
606	496
606	135
606	475
607	487
607	504
607	448
607	242
607	434
607	422
607	289
607	162
607	290
607	374
607	70
607	198
607	437
607	482
607	440
607	28
607	493
608	419
608	161
608	210
608	465
608	179
608	483
608	269
608	418
608	313
608	441
608	133
608	481
608	547
608	453
608	168
608	241
608	66
608	317
608	438
608	265
608	297
608	482
608	166
608	170
609	470
609	416
609	547
609	432
609	413
609	480
609	112
609	400
609	446
609	308
610	223
610	512
610	509
610	464
610	447
610	336
610	480
610	511
610	317
610	468
610	416
611	236
611	480
611	366
611	288
611	384
611	408
611	462
612	256
612	472
613	448
613	480
613	159
613	284
613	476
613	404
613	479
614	315
614	268
614	420
614	411
614	290
614	179
614	415
614	443
614	404
614	31
614	143
615	416
615	414
615	521
615	445
615	444
615	398
615	478
615	152
615	438
615	412
616	438
616	273
616	500
616	149
616	409
616	411
616	346
617	415
617	471
617	464
618	560
618	343
618	463
618	478
618	263
618	151
619	454
619	497
619	149
619	382
619	14
619	405
619	232
620	212
620	177
620	1
620	409
620	347
620	507
620	254
621	392
621	532
621	260
621	436
621	184
621	148
621	508
621	475
621	500
621	404
622	465
622	211
622	401
622	195
622	275
622	443
622	197
622	397
623	277
623	504
623	318
623	49
623	440
623	502
623	274
624	473
624	17
624	502
624	221
624	529
624	454
624	287
624	467
624	192
624	433
624	474
624	371
624	449
624	342
624	257
624	404
624	594
624	291
624	403
625	472
625	240
625	439
626	272
626	432
626	496
626	175
626	407
626	224
627	480
627	400
628	389
628	144
628	464
628	390
628	424
628	402
628	141
628	269
628	15
629	498
629	420
629	415
629	75
629	428
629	432
629	460
629	464
629	400
629	448
629	386
630	579
630	553
630	412
630	76
630	85
630	219
630	160
630	24
630	19
630	603
630	44
631	394
631	458
631	172
631	316
631	204
631	410
631	504
631	417
631	426
631	397
631	432
631	350
632	139
632	289
632	3
632	474
632	543
632	329
632	202
632	137
632	393
632	10
632	537
632	265
632	399
632	297
632	205
632	388
632	394
632	76
632	201
632	251
632	1
632	461
633	264
633	343
633	487
633	464
633	491
634	500
634	133
634	418
634	431
634	391
634	283
634	134
634	480
634	360
635	418
635	150
635	257
635	134
635	466
635	408
635	487
635	334
635	264
636	444
636	145
636	448
636	449
636	261
636	197
636	311
636	426
636	165
636	392
636	454
636	405
636	373
636	258
636	361
636	326
636	400
636	149
636	5
636	397
636	615
636	225
636	262
636	33
636	513
636	429
636	133
636	419
636	346
636	418
637	420
637	232
637	386
637	20
637	263
637	241
637	301
637	404
637	452
637	203
637	193
638	517
638	131
638	45
638	387
638	451
638	421
638	356
638	82
638	7
638	393
638	65
638	386
638	194
638	307
638	164
638	465
638	199
638	579
638	207
639	417
639	25
639	200
639	390
639	65
639	236
639	274
639	521
639	12
639	386
639	364
639	172
639	145
639	418
639	220
639	433
639	354
639	450
640	449
640	195
640	545
640	453
640	401
640	257
640	1
640	422
640	17
640	244
640	426
640	577
640	386
640	483
640	289
640	397
640	522
640	262
640	362
640	138
640	293
640	460
640	137
640	303
640	498
640	19
640	417
641	638
641	380
641	383
641	384
641	632
641	495
641	432
641	287
641	511
641	128
642	491
642	479
642	480
642	472
642	287
642	384
642	382
642	512
642	494
642	503
643	384
643	504
643	382
643	637
643	640
643	510
643	192
643	502
643	495
643	246
643	630
643	383
644	558
644	511
644	607
644	392
644	317
644	377
644	606
644	384
645	512
645	620
645	123
645	496
645	340
645	635
645	363
645	320
646	323
646	507
646	508
646	308
646	248
646	172
646	380
646	444
646	575
646	367
647	488
647	628
647	508
647	384
647	457
647	34
647	572
647	322
647	190
647	319
647	494
647	377
647	512
647	511
648	634
648	121
648	434
648	380
648	340
648	378
648	240
648	315
648	379
649	438
649	482
649	504
649	574
649	110
649	368
649	448
649	512
649	499
649	344
649	435
650	128
650	255
650	380
650	376
650	375
650	510
650	148
650	114
650	319
650	256
650	371
651	472
651	246
651	358
651	160
651	496
651	119
652	248
652	624
652	317
652	414
652	381
652	485
652	497
652	384
652	397
652	117
652	338
652	33
652	125
652	196
653	119
653	319
653	98
653	182
653	376
653	298
653	276
653	380
654	247
654	612
654	177
654	376
654	374
654	369
654	291
654	631
654	372
654	100
654	503
655	384
655	382
655	322
655	614
655	115
655	469
655	65
655	246
655	82
655	162
656	49
656	242
656	254
656	353
656	413
656	404
656	305
656	365
656	310
656	243
656	381
656	122
656	637
656	298
657	383
657	508
657	592
657	298
657	496
657	366
657	56
657	440
657	12
657	304
657	368
657	238
657	363
658	640
658	384
658	255
658	368
658	319
658	512
658	400
658	79
658	494
658	383
658	325
659	494
659	616
659	300
659	348
659	510
659	42
659	378
659	384
659	266
659	480
659	262
659	58
659	382
660	624
660	621
660	383
660	494
660	318
660	239
660	361
660	45
660	302
661	286
661	356
661	219
661	442
661	508
661	492
662	464
662	299
662	511
662	364
662	332
662	259
662	274
662	107
662	39
662	59
662	236
663	92
663	496
663	297
663	256
663	368
663	108
663	265
663	494
663	560
663	638
663	510
663	362
663	106
663	51
663	444
664	466
664	253
664	329
664	585
664	365
664	459
664	128
664	123
664	447
664	491
664	240
664	359
664	325
665	552
665	512
665	366
665	494
665	384
665	360
665	400
665	496
665	128
665	376
666	368
666	295
666	126
666	308
666	7
666	329
666	511
666	481
666	311
666	376
667	326
667	288
667	256
667	454
667	69
667	640
667	329
667	482
667	456
667	506
668	325
668	173
668	198
668	109
668	427
668	559
668	309
668	374
668	6
669	580
669	508
669	357
669	460
669	384
669	375
669	236
669	356
669	35
670	372
670	355
670	39
670	235
670	367
670	289
670	483
670	356
670	357
670	1
670	448
670	111
670	379
671	353
671	490
671	322
671	338
671	74
671	562
671	227
671	418
671	105
671	387
671	460
671	290
671	384
671	126
672	581
672	424
672	73
672	337
672	301
672	428
672	97
672	510
672	513
672	374
672	316
672	260
672	289
672	43
672	385
672	615
672	353
673	128
673	256
673	347
673	376
673	15
673	480
673	220
673	444
673	384
673	463
673	511
673	640
673	600
673	334
673	221
673	512
673	628
674	327
674	383
674	352
674	467
674	351
674	350
674	375
674	507
674	640
674	384
674	511
675	90
675	574
675	381
675	415
675	496
675	472
675	394
675	157
675	190
675	605
675	480
676	449
676	42
676	632
676	511
677	288
677	254
677	274
677	384
677	480
677	639
677	436
677	212
677	508
677	220
678	507
678	452
678	456
678	624
678	243
679	380
679	362
679	348
679	464
679	128
679	382
679	342
679	637
679	470
680	126
680	291
680	85
680	336
680	153
680	92
680	601
680	651
680	339
680	107
680	282
680	346
680	205
680	322
681	488
681	503
681	480
681	312
681	610
681	352
681	512
681	468
681	350
681	88
681	502
682	471
682	279
682	596
682	71
682	253
682	343
682	413
682	371
682	352
683	592
683	384
683	512
683	118
683	424
683	584
684	311
684	406
684	17
684	258
684	357
684	81
684	24
685	464
685	638
685	468
685	572
685	444
685	312
685	499
685	382
685	472
685	543
685	492
685	308
686	95
686	280
686	496
686	468
686	427
686	372
686	352
686	192
687	472
687	378
687	222
687	72
687	148
687	78
687	258
687	326
688	356
688	383
688	255
688	449
688	89
688	277
688	352
688	253
688	338
688	310
688	36
688	19
688	457
688	113
688	465
688	451
688	287
688	1
688	362
688	259
688	49
689	384
689	44
689	544
689	367
689	479
689	372
690	464
690	175
690	453
690	347
690	272
690	320
691	318
691	370
691	330
691	270
691	254
691	480
691	350
691	368
691	298
692	605
692	77
692	335
692	494
692	121
692	101
692	397
692	449
692	351
692	324
692	283
692	80
692	251
693	321
693	478
693	74
693	330
694	492
694	335
694	111
694	383
694	409
694	355
694	288
694	441
694	468
694	459
694	333
695	585
695	302
695	66
695	9
695	352
695	366
695	74
695	333
696	491
696	75
696	370
696	265
696	259
696	346
696	453
696	139
696	457
696	378
696	416
696	81
696	65
696	369
696	233
696	458
696	12
696	577
697	388
697	335
697	472
697	359
697	326
697	342
697	336
697	230
698	295
698	271
698	326
698	391
698	469
698	347
698	608
698	67
698	258
698	535
698	489
699	325
699	326
699	14
699	405
699	501
699	293
699	258
699	387
699	327
699	356
699	66
699	586
700	6
700	325
700	341
700	99
700	459
700	118
700	323
700	292
700	106
700	337
700	222
700	349
700	407
700	21
700	580
700	385
700	422
700	397
700	79
700	386
700	263
700	262
701	194
701	360
701	372
701	358
701	72
701	592
701	68
701	259
701	323
701	87
701	228
702	323
702	324
702	515
702	267
702	254
702	400
702	98
702	101
702	449
702	7
702	321
702	211
702	416
703	308
703	138
703	580
703	279
703	264
703	247
703	468
703	66
703	517
703	441
703	2
703	72
703	68
703	430
703	38
703	10
703	322
703	289
703	467
703	129
703	326
703	65
703	418
703	358
703	402
704	449
704	325
704	333
704	323
704	279
704	321
704	367
704	258
704	265
704	261
704	461
704	450
704	289
704	97
704	322
704	134
704	443
704	649
704	465
704	330
704	85
704	651
704	353
704	460
704	9
704	263
704	494
704	6
704	481
704	342
704	331
704	69
704	71
704	65
704	66
704	363
705	510
705	312
705	703
705	462
705	320
705	384
705	400
705	352
705	47
705	478
706	496
706	320
706	640
706	446
706	508
706	512
706	408
706	495
706	447
706	384
706	477
706	511
706	245
707	190
707	320
707	60
707	430
707	58
707	44
707	537
707	518
707	86
707	512
707	486
708	58
708	309
708	191
708	368
708	287
708	315
708	508
708	510
709	446
709	318
709	574
709	348
709	676
709	316
709	322
709	250
709	624
709	268
709	431
709	694
709	317
710	317
710	275
710	319
710	427
710	571
710	51
710	508
710	511
711	116
711	384
711	404
711	430
711	508
711	379
711	313
711	96
711	30
711	320
711	608
711	448
711	278
712	685
712	137
712	287
712	511
712	428
712	315
712	418
712	361
712	507
712	41
712	514
712	446
712	293
713	369
713	658
713	448
713	98
713	470
713	374
713	440
713	468
713	312
714	448
714	25
714	439
714	167
714	22
714	343
714	631
714	510
714	632
714	504
714	230
714	480
715	423
715	446
715	269
715	101
715	95
715	286
715	366
715	378
715	436
715	358
715	384
715	376
716	448
716	658
716	417
716	506
716	275
716	273
716	446
716	533
716	680
716	277
716	402
716	63
716	551
716	431
716	376
716	119
716	294
716	540
716	387
716	289
717	311
717	432
717	536
717	695
717	467
718	20
718	179
718	439
718	317
718	484
718	315
718	692
718	515
718	307
719	629
719	570
719	308
719	296
719	157
719	563
719	49
719	376
719	306
719	363
719	640
719	169
719	118
719	314
719	310
720	429
720	339
720	178
720	291
720	306
720	114
720	187
720	613
720	439
720	529
720	316
720	251
720	329
720	49
720	370
720	425
720	308
720	311
720	319
720	443
720	28
720	353
720	385
720	274
721	240
721	248
721	632
721	272
721	303
721	397
721	494
721	96
721	300
721	496
722	367
722	661
722	495
722	176
722	492
722	303
722	640
722	37
722	296
722	363
722	312
723	304
723	153
723	375
723	300
723	447
723	445
723	448
724	545
724	109
724	570
724	381
724	337
724	365
724	272
724	111
724	95
724	229
724	384
724	393
724	471
725	268
725	700
725	322
725	124
725	314
726	507
726	178
726	151
726	487
726	299
726	312
726	41
726	268
726	361
726	139
726	169
726	424
727	37
727	546
727	41
727	258
727	226
727	292
727	39
727	58
727	422
727	162
727	260
727	305
727	269
727	442
727	384
727	276
727	42
727	368
727	370
728	554
728	641
728	318
728	297
728	9
728	267
728	577
728	425
728	317
728	4
728	301
728	377
728	568
728	257
728	443
728	362
728	19
728	163
728	558
728	203
728	293
728	292
728	49
728	619
728	379
729	488
729	448
729	440
729	392
729	296
729	35
729	484
729	507
729	496
729	312
729	184
730	418
730	314
730	176
730	326
730	319
730	24
730	384
730	367
730	493
730	296
730	311
730	423
730	417
730	448
731	297
731	301
731	106
731	485
731	686
731	316
731	352
732	39
732	429
732	373
732	486
732	189
732	262
732	445
732	357
732	417
732	261
732	485
732	365
732	264
732	385
732	259
732	469
732	438
732	323
732	440
732	184
732	295
732	277
733	295
733	292
733	487
733	368
733	48
733	68
733	359
733	700
733	58
733	322
733	2
733	290
733	500
733	296
733	163
734	257
734	52
734	369
734	132
734	431
734	50
734	344
734	455
734	19
734	288
734	487
734	532
734	243
734	35
734	301
734	123
734	39
735	520
735	322
735	54
735	590
735	386
735	420
735	566
735	674
735	273
735	372
735	53
735	424
735	281
735	306
735	33
735	260
735	521
735	294
735	257
735	308
735	673
735	97
735	262
735	571
735	42
735	100
736	241
736	353
736	17
736	295
736	33
736	291
736	455
736	677
736	35
736	37
736	354
736	53
736	379
736	385
736	441
736	547
736	306
736	270
736	383
736	481
736	395
736	355
736	305
736	407
736	545
736	257
736	309
736	265
736	288
736	142
736	289
736	299
736	417
736	358
736	419
736	274
736	330
736	294
736	548
736	290
736	465
737	320
737	384
737	348
737	352
737	399
737	440
738	159
738	192
738	222
738	702
738	350
738	314
738	88
738	352
738	320
738	175
739	383
739	278
739	318
739	222
739	168
739	448
740	157
740	413
740	269
740	736
740	384
740	543
740	287
740	285
740	265
741	512
741	268
741	32
741	336
741	444
741	288
741	273
741	492
741	266
741	416
741	315
742	384
742	58
742	31
742	331
742	283
742	348
742	130
742	411
742	415
742	341
742	347
742	219
743	320
743	446
743	394
743	610
743	32
743	352
743	194
744	145
744	363
744	277
744	90
744	701
744	17
744	369
744	402
744	401
744	283
744	279
744	154
744	74
744	268
744	259
744	287
744	26
744	543
745	383
745	320
745	479
745	316
745	56
745	12
745	276
745	278
745	480
745	311
745	444
746	488
746	311
746	279
746	480
746	440
746	543
746	21
746	364
746	149
746	415
746	155
746	456
746	448
746	479
746	274
747	119
747	19
747	504
747	264
747	130
747	330
747	411
747	120
747	146
747	274
747	343
747	376
747	23
747	464
747	385
747	278
748	282
748	7
748	454
748	22
748	437
748	341
748	151
748	309
748	434
748	340
748	101
748	20
748	317
748	292
748	146
748	535
748	326
748	513
749	58
749	407
749	315
749	308
749	478
749	284
749	212
749	512
749	368
749	312
749	285
750	547
750	412
750	159
750	591
750	97
750	163
750	527
750	193
750	122
750	393
750	471
750	259
750	182
750	277
750	339
750	313
750	307
750	515
750	316
750	436
750	9
750	363
751	130
751	314
751	692
751	473
751	281
751	580
751	292
751	195
751	274
751	339
751	41
751	514
751	284
751	34
751	265
751	372
751	386
752	287
752	274
752	85
752	282
752	405
752	89
752	145
752	117
752	120
752	49
752	402
752	469
752	401
752	153
752	426
752	193
752	152
752	17
752	179
752	81
752	52
752	307
752	18
752	146
752	157
752	147
752	466
752	53
752	151
752	310
752	435
752	330
752	308
752	3
752	68
752	634
752	277
752	337
752	473
752	345
752	499
752	477
752	322
752	327
752	285
752	25
752	425
753	304
753	587
753	464
753	77
753	446
753	496
753	48
753	441
753	79
753	392
753	318
753	672
753	656
754	299
754	261
754	11
754	279
754	319
754	511
754	335
754	432
754	272
754	8
754	363
754	447
754	291
754	37
755	302
755	267
755	494
755	400
755	186
755	414
755	128
755	358
755	273
755	718
755	506
755	4
756	485
756	390
756	313
756	429
756	159
756	709
756	469
756	287
756	405
756	337
756	257
756	348
756	23
756	333
756	143
756	13
756	265
756	349
756	269
756	35
756	583
756	600
756	294
756	102
756	462
756	223
756	510
757	292
757	412
757	258
757	136
757	460
757	71
757	44
757	671
757	380
757	407
757	18
757	268
757	272
757	427
758	217
758	511
758	12
758	268
758	575
758	364
758	298
758	259
758	9
758	381
758	299
758	480
758	397
758	143
758	140
758	300
758	41
758	329
758	292
758	362
758	18
758	331
759	332
759	441
759	396
759	265
759	428
759	386
759	10
759	229
759	9
759	261
759	446
759	266
759	316
759	442
759	562
759	413
759	354
759	514
759	337
759	321
759	377
759	306
759	12
760	473
760	266
760	137
760	1
760	381
760	281
760	385
760	326
760	386
760	474
760	88
760	136
760	389
760	11
760	158
760	316
760	31
760	9
760	351
760	689
760	154
760	562
760	73
760	558
760	105
760	77
760	329
760	300
760	309
760	429
760	345
760	357
760	287
760	267
760	25
760	313
760	273
761	270
761	44
761	519
761	284
761	447
761	264
761	516
761	39
761	174
761	396
761	262
762	141
762	393
762	295
762	522
762	291
762	389
762	271
762	256
762	385
762	663
762	471
762	4
762	651
762	297
762	293
763	257
763	385
763	38
763	274
763	327
763	406
763	309
763	581
763	392
763	264
763	102
763	270
763	5
763	290
763	434
763	718
763	291
763	214
763	278
763	368
763	366
763	246
763	738
763	526
763	273
763	134
763	199
763	340
763	70
763	390
764	291
764	5
764	337
764	41
764	647
764	326
764	101
764	269
764	271
764	133
764	243
764	54
764	422
764	521
764	527
764	87
764	351
764	263
764	311
764	15
764	261
764	489
764	166
764	264
764	257
764	265
764	287
764	53
764	566
764	293
764	615
764	295
764	296
764	36
764	389
764	277
764	134
764	13
764	262
764	449
764	167
764	73
764	356
764	49
764	19
765	307
765	260
765	273
765	388
765	275
765	6
765	283
765	336
765	561
765	280
765	83
765	324
765	40
765	452
765	268
765	578
765	451
765	497
765	296
765	413
765	367
765	396
765	291
765	276
765	272
765	2
765	403
765	73
765	4
766	1
766	67
766	7
766	673
766	36
766	146
766	519
766	284
766	279
766	193
766	41
766	395
766	263
766	327
766	33
766	545
766	275
766	517
766	321
766	30
766	142
766	516
766	695
766	469
766	484
766	533
766	391
766	267
766	260
766	259
766	273
766	134
766	583
766	261
766	283
766	257
766	73
766	5
766	300
766	280
766	357
766	676
766	289
766	495
767	321
767	46
767	265
767	44
767	257
767	130
767	449
767	322
767	369
767	273
767	50
767	289
767	466
767	19
767	644
767	337
767	578
767	291
767	470
767	290
767	2
767	270
767	549
767	684
767	274
767	8
767	385
767	394
767	522
767	504
767	700
767	136
767	523
767	419
767	362
767	358
767	81
768	19
768	369
768	401
768	289
768	391
768	313
768	131
768	281
768	418
768	257
768	295
768	225
768	348
768	258
768	261
768	127
768	11
768	338
768	265
768	577
768	5
768	259
768	71
768	411
768	275
768	53
768	69
768	9
768	619
768	353
768	429
768	65
768	413
768	389
768	641
768	642
768	462
768	545
768	2
768	333
768	386
768	481
768	266
768	277
768	491
768	273
768	201
768	421
768	162
768	456
768	340
768	321
768	523
768	20
768	33
768	49
768	262
768	269
768	67
768	417
768	169
768	420
768	39
768	81
768	521
768	563
768	409
768	385
768	354
768	7
768	13
768	647
768	322
768	83
768	639
768	461
768	271
768	513
768	283
768	1
768	548
768	323
768	325
768	387
768	488
768	291
768	499
768	274
768	292
768	357
768	454
769	768
769	236
769	636
769	381
769	384
769	252
769	251
769	192
769	756
769	415
769	247
769	512
769	128
769	766
769	96
769	736
769	608
769	376
769	176
769	256
769	494
770	447
770	704
770	729
770	223
770	510
770	638
770	511
770	63
770	728
770	767
770	479
770	152
770	512
771	494
771	510
771	238
771	766
771	109
771	157
771	750
771	240
771	256
771	768
771	24
771	222
771	220
772	764
772	254
772	191
772	766
772	509
772	767
772	238
772	696
772	510
772	192
772	703
772	761
773	214
773	508
773	435
773	255
773	768
773	190
773	700
773	756
773	640
773	572
773	556
773	256
773	448
773	380
773	244
773	379
773	692
773	284
773	638
774	23
774	204
774	756
774	384
774	256
774	170
774	31
774	491
774	768
774	411
774	476
774	191
774	732
774	504
774	128
775	718
775	508
775	250
775	512
775	254
775	474
775	256
775	192
775	159
775	75
775	768
775	473
775	420
775	112
776	750
776	701
776	704
776	45
776	478
776	114
777	726
777	243
777	510
777	696
777	200
777	442
777	628
777	624
777	760
777	254
777	226
777	184
777	256
777	512
777	216
777	120
778	499
778	256
778	232
778	225
778	768
778	255
778	368
778	765
778	508
779	486
779	221
779	726
779	767
779	349
779	256
779	350
779	248
779	120
779	754
779	728
780	483
780	661
780	117
780	245
780	149
780	640
780	768
780	437
780	758
780	504
780	19
780	48
780	749
780	755
781	49
781	384
781	460
781	124
781	210
781	226
781	510
781	768
782	112
782	97
782	248
782	755
782	283
782	243
782	214
782	499
782	255
782	512
782	460
783	141
783	404
783	251
783	240
783	252
783	284
783	478
783	382
784	237
784	468
784	506
784	746
784	179
784	229
784	115
784	497
784	433
784	247
784	482
784	630
784	232
784	378
784	211
784	729
784	123
785	512
785	240
785	496
785	111
785	508
785	751
785	128
785	738
785	686
785	256
785	368
785	510
785	172
786	760
786	475
786	752
786	237
786	768
786	175
786	255
786	767
786	479
786	296
786	229
786	751
786	95
786	759
786	256
787	688
787	730
787	478
787	682
787	256
787	48
787	720
787	744
787	224
787	576
787	512
787	126
787	766
788	469
788	640
788	301
788	155
788	754
788	717
788	772
788	122
788	237
788	106
788	509
788	286
789	495
789	511
789	255
789	140
789	108
789	512
789	466
789	234
789	463
790	176
790	235
790	622
790	225
790	256
790	455
791	750
791	714
791	256
791	427
791	508
791	766
791	748
792	161
792	109
792	1
792	745
792	577
792	202
792	737
792	683
792	681
792	173
792	757
792	266
792	172
792	225
792	237
792	733
792	554
792	238
793	116
793	295
793	200
793	191
793	728
793	766
793	358
793	482
794	362
794	255
794	500
794	423
794	227
794	629
794	256
794	711
795	752
795	610
795	502
795	758
795	246
795	422
795	680
795	622
796	125
796	752
796	199
796	3
796	225
796	481
796	623
796	190
796	183
796	127
796	170
796	733
796	713
796	98
796	737
796	41
796	390
796	749
797	688
797	748
797	420
797	246
797	496
797	460
797	744
797	424
797	136
797	488
798	760
798	511
798	227
798	349
798	439
798	699
798	467
798	491
798	67
798	283
798	228
798	235
798	243
798	507
798	462
798	503
799	256
799	2
799	505
799	210
799	481
799	70
799	241
799	490
799	738
799	506
799	104
799	618
799	690
799	250
799	512
799	264
799	504
799	98
799	234
799	434
799	166
799	200
799	186
800	321
800	739
800	241
800	201
800	65
800	369
800	763
800	506
800	163
800	674
800	449
800	98
800	384
800	764
800	495
800	227
800	738
800	229
800	653
800	761
800	131
800	730
800	631
800	248
800	106
800	562
800	759
800	167
800	187
800	200
800	161
801	736
801	752
801	502
801	703
801	768
801	760
801	495
801	511
801	508
801	160
801	25
801	128
801	635
801	662
801	252
802	535
802	462
802	380
802	720
802	495
802	750
802	91
802	767
803	414
803	447
803	508
803	617
803	512
803	352
803	251
803	213
803	718
804	553
804	92
804	474
804	89
804	504
804	209
804	493
804	463
804	24
804	90
805	82
805	670
805	512
805	160
805	220
805	480
805	224
805	434
806	491
806	731
806	374
806	393
806	732
806	239
806	252
806	332
807	382
807	256
807	157
807	474
807	254
807	128
807	480
807	433
807	706
807	502
807	252
808	381
808	222
808	217
808	69
808	142
808	321
808	469
808	507
808	74
808	201
808	95
808	401
808	452
809	346
809	160
809	256
809	223
809	502
809	20
809	695
809	336
809	512
809	478
809	763
809	511
809	727
810	196
810	95
810	735
810	255
810	607
810	216
810	223
810	472
810	69
810	758
810	535
810	247
810	135
810	512
810	664
810	197
811	182
811	665
811	582
811	150
811	226
811	90
811	248
811	466
811	254
812	419
812	534
812	224
812	625
812	487
812	402
812	104
812	805
812	342
812	87
812	478
812	597
812	118
812	153
812	215
813	219
813	371
813	639
813	759
813	372
813	724
813	460
813	256
813	351
813	243
813	496
813	258
814	138
814	7
814	211
814	247
814	195
814	721
814	129
814	215
814	123
814	728
814	460
814	95
814	177
814	463
814	607
814	339
814	65
814	495
815	642
815	118
815	506
815	9
815	237
815	709
815	194
815	747
815	752
815	341
815	750
815	732
815	337
816	214
816	86
816	53
816	241
816	90
816	146
816	511
816	724
816	161
816	673
816	385
816	210
816	248
816	737
816	699
816	657
816	213
816	197
816	65
816	23
816	81
816	57
816	152
816	366
816	634
817	235
817	175
817	334
817	230
817	736
817	224
817	496
817	608
817	255
817	88
817	512
818	751
818	173
818	478
818	464
818	184
818	399
818	323
818	236
818	159
818	207
818	138
818	483
818	475
818	189
818	80
818	77
819	94
819	276
819	752
819	237
819	398
819	254
819	760
819	208
819	702
820	737
820	201
820	285
820	77
820	79
820	400
820	727
820	45
820	589
820	135
820	501
820	718
820	637
820	496
820	133
820	573
820	197
820	256
820	715
820	205
820	223
821	588
821	220
821	239
821	325
821	764
821	716
821	140
821	123
821	575
821	510
821	345
821	130
821	76
821	758
822	69
822	75
822	751
822	333
822	443
822	203
822	144
822	331
822	715
822	219
822	105
822	123
822	729
822	157
823	460
823	713
823	203
823	97
823	548
823	764
823	354
823	187
823	731
823	186
823	170
823	159
823	234
823	474
823	586
823	206
823	195
823	386
824	97
824	233
824	458
824	201
824	69
824	452
824	41
824	217
824	682
824	457
824	322
824	137
824	726
824	121
824	477
824	218
824	109
825	8
825	616
825	512
825	720
825	471
825	174
825	460
825	709
825	200
825	736
826	247
826	456
826	3
826	641
826	470
826	402
826	235
826	747
826	495
826	293
827	352
827	208
827	501
827	206
827	391
827	728
827	690
827	449
828	181
828	70
828	105
828	478
828	455
828	213
828	229
828	138
828	479
828	462
828	591
828	356
828	456
828	134
828	495
828	113
828	5
828	389
829	524
829	244
829	252
829	258
829	209
829	6
829	651
829	278
829	228
830	524
830	615
830	449
830	146
830	723
830	193
830	141
830	210
830	205
830	487
830	67
830	201
830	688
830	787
830	738
830	423
830	74
830	727
830	756
830	707
830	359
831	1
831	483
831	248
831	246
831	722
831	664
831	675
831	406
831	97
831	504
831	650
831	356
831	721
831	548
831	9
831	206
831	210
831	65
831	739
832	545
832	229
832	197
832	682
832	466
832	103
832	783
832	67
832	499
832	321
832	97
832	653
832	135
832	721
832	187
832	69
832	289
832	457
832	138
832	145
832	199
832	705
832	458
832	204
832	599
832	513
832	608
832	81
832	214
832	157
832	189
832	577
832	594
832	449
832	393
832	610
832	557
832	748
832	131
832	104
832	217
832	210
832	225
832	341
832	745
833	690
833	700
833	240
833	766
833	415
833	47
833	424
833	632
833	816
833	256
833	248
833	320
833	764
833	456
833	43
834	184
834	448
834	767
834	415
834	782
834	192
834	149
834	704
834	285
834	511
835	188
835	40
835	512
835	830
835	192
835	254
835	462
835	47
835	443
836	254
836	182
836	443
836	152
836	287
836	429
836	437
836	189
836	23
836	427
836	433
836	501
836	397
837	116
837	310
837	242
837	188
837	192
837	176
837	136
837	692
838	251
838	254
838	416
838	256
838	442
838	217
838	574
838	186
838	157
838	177
838	439
839	84
839	142
839	764
839	336
839	250
839	757
839	478
839	473
839	390
839	234
840	97
840	511
840	254
840	177
840	665
840	48
840	449
840	697
840	510
840	756
840	101
840	573
840	41
840	657
840	572
840	363
841	192
841	167
841	248
841	260
841	468
841	504
841	496
841	696
841	824
841	421
842	518
842	691
842	118
842	286
842	503
842	176
842	768
843	504
843	180
843	64
843	671
843	166
843	22
843	534
844	699
844	248
844	145
844	22
844	112
844	312
844	510
844	192
844	185
844	130
844	413
844	755
844	402
844	446
845	341
845	820
845	756
845	440
845	32
845	180
845	187
845	704
845	562
845	496
845	437
846	489
846	132
846	784
846	700
846	248
846	49
846	244
846	663
846	187
846	195
846	163
846	703
846	435
846	215
846	167
846	28
847	818
847	416
847	691
847	494
847	159
847	458
847	51
847	236
847	434
847	693
847	178
848	662
848	178
848	241
848	161
848	190
848	177
848	436
848	676
848	373
848	507
848	435
848	490
848	513
848	307
848	494
848	44
848	761
848	690
848	182
848	537
848	681
848	562
848	509
849	408
849	368
849	560
849	750
849	624
849	799
849	255
849	620
849	664
849	478
849	756
850	8
850	247
850	573
850	431
850	360
850	303
850	191
850	382
850	240
850	46
851	429
851	302
851	164
851	184
851	333
851	246
851	766
851	38
852	749
852	223
852	498
852	645
852	45
852	185
852	256
852	13
852	781
853	236
853	192
853	508
853	446
853	167
853	139
853	380
853	76
853	714
853	42
854	241
854	176
854	675
854	641
854	171
854	242
854	116
854	429
854	166
854	492
854	665
854	36
855	810
855	701
855	130
855	98
855	401
855	748
855	12
855	314
855	31
855	443
856	244
856	43
856	430
856	385
856	741
856	41
856	226
856	177
856	700
856	425
856	112
856	698
856	761
856	225
856	253
856	666
856	365
856	397
856	409
857	40
857	184
857	168
857	33
857	680
857	224
857	164
857	694
857	647
857	231
858	646
858	183
858	228
858	704
858	162
858	240
858	471
858	191
858	611
858	131
858	7
858	685
858	184
858	63
858	679
858	616
859	168
859	232
859	749
859	458
859	741
859	822
859	422
859	184
859	439
859	486
859	43
859	482
859	484
859	472
859	230
859	550
860	165
860	485
860	295
860	173
860	677
860	678
860	805
860	253
860	421
860	151
860	5
860	42
860	623
860	101
860	129
860	633
860	742
860	262
860	186
860	61
860	163
860	230
860	273
860	167
860	548
860	627
860	822
860	39
860	232
860	437
860	166
860	162
861	51
861	152
861	214
861	191
861	692
861	220
861	236
861	200
861	567
861	146
861	424
861	148
861	241
862	11
862	803
862	545
862	227
862	483
862	683
862	163
862	496
862	73
862	424
862	387
862	681
862	444
862	165
862	140
862	419
862	292
863	194
863	73
863	218
863	43
863	226
863	42
863	554
863	692
863	181
863	484
863	658
863	546
863	178
863	436
863	163
863	574
863	691
863	674
863	494
863	514
863	666
863	242
863	322
863	764
863	417
863	146
863	142
863	169
863	317
864	689
864	749
864	115
864	161
864	1
864	421
864	142
864	193
864	612
864	593
864	175
864	417
864	162
864	261
864	135
864	339
864	171
864	24
864	133
864	554
864	677
864	17
864	186
864	497
864	141
864	192
864	214
864	172
864	33
864	386
864	34
864	405
864	211
864	50
864	129
864	429
864	71
864	433
864	553
864	571
864	53
864	787
864	674
864	225
864	185
864	179
864	449
865	224
865	440
865	756
865	763
865	668
865	796
865	181
865	448
865	288
865	736
865	106
865	767
866	159
866	399
866	703
866	608
866	93
866	95
866	127
866	301
866	752
866	688
866	767
866	111
866	527
867	158
867	190
867	160
867	677
867	58
867	46
868	219
868	670
868	408
868	448
868	155
868	665
868	30
868	129
869	256
869	479
869	148
869	172
869	276
869	4
869	28
869	448
869	196
869	747
869	672
869	404
869	664
869	387
869	431
869	511
869	411
869	734
870	152
870	735
870	18
870	223
870	407
870	249
870	723
870	24
870	211
870	484
870	189
870	132
870	444
870	171
870	401
871	704
871	534
871	574
871	386
871	146
871	92
871	657
871	32
871	249
871	314
871	430
871	158
871	221
871	766
872	148
872	641
872	137
872	57
872	242
872	672
872	153
872	154
872	185
872	251
872	477
872	158
872	433
872	107
872	30
872	662
872	591
872	779
872	697
872	21
872	439
872	176
873	400
873	183
873	696
873	160
874	411
874	407
874	408
874	403
874	856
874	150
874	190
874	17
874	159
874	453
874	644
874	207
874	147
874	92
875	193
875	682
875	145
875	444
875	18
875	82
875	7
875	307
876	831
876	469
876	246
876	558
876	440
876	5
876	149
876	277
876	51
876	3
876	213
876	195
876	665
876	215
876	712
876	158
876	211
876	85
877	478
877	530
877	636
877	712
877	283
877	292
877	423
877	40
877	651
877	208
877	288
877	49
877	439
877	572
877	851
877	212
878	442
878	223
878	785
878	564
878	810
878	391
878	28
878	501
878	403
878	145
878	147
878	467
878	163
878	730
878	417
878	411
878	307
878	708
878	723
878	195
878	359
878	52
878	405
878	799
878	167
878	159
878	772
879	60
879	518
879	216
879	75
879	312
879	259
879	734
879	316
879	145
879	696
879	70
879	275
879	22
879	536
879	402
879	1
879	270
879	610
879	346
879	130
879	658
879	152
879	594
879	212
879	148
879	20
879	157
880	385
880	31
880	799
880	81
880	172
880	139
880	129
880	23
880	27
880	406
880	50
880	87
880	472
880	405
880	401
880	535
880	666
880	102
880	38
880	157
880	134
880	727
880	197
880	241
880	620
880	462
880	485
880	285
880	242
880	851
880	693
880	205
880	657
880	670
880	282
880	146
880	443
880	225
880	343
880	577
880	383
880	35
880	201
880	437
880	517
880	57
880	658
880	661
881	696
881	464
881	219
881	180
881	460
881	201
881	314
881	159
881	176
881	462
881	737
881	507
881	239
882	94
882	224
882	399
882	257
882	461
882	675
882	169
882	187
882	160
882	117
882	188
882	688
882	15
882	651
882	515
882	495
882	619
882	107
882	544
882	135
882	159
883	240
883	173
883	304
883	720
883	525
883	513
883	141
883	218
883	139
883	14
884	157
884	231
884	661
884	223
884	749
884	735
884	133
884	150
884	541
884	203
884	13
884	405
884	225
884	446
884	484
884	477
884	142
884	773
884	173
884	765
884	57
884	207
884	401
884	46
884	109
884	255
884	143
884	665
884	726
884	430
884	165
884	141
885	172
885	430
885	748
885	315
885	652
885	110
885	764
885	588
885	307
885	140
885	720
885	168
886	172
886	139
886	635
886	47
886	684
886	15
886	651
886	491
886	515
886	399
886	4
886	208
886	71
886	5
886	25
886	164
886	43
886	603
886	94
886	449
887	521
887	448
887	3
887	141
887	66
887	5
887	6
887	65
887	390
887	106
887	194
887	214
887	652
887	646
887	13
887	862
887	208
887	686
887	378
887	304
888	158
888	137
888	425
888	429
888	260
888	554
888	77
888	452
888	186
888	641
888	654
888	25
888	26
888	95
888	521
888	129
888	413
888	642
888	386
888	719
888	167
888	289
888	825
888	673
888	424
888	335
888	409
888	146
888	252
888	714
888	433
888	31
888	397
888	217
888	234
888	141
888	162
888	42
888	53
888	171
888	589
888	705
888	527
888	73
888	658
888	206
888	225
888	292
888	6
888	770
888	361
888	426
888	477
888	683
888	282
888	13
888	569
888	5
888	393
888	9
888	333
888	212
888	153
888	1
889	182
889	6
889	720
889	655
889	728
889	471
889	327
889	848
889	248
889	150
889	202
889	175
889	141
889	151
889	165
889	181
889	260
889	424
889	200
890	136
890	391
890	519
890	453
890	643
890	199
890	3
890	195
890	71
890	167
890	711
890	437
890	517
890	530
890	168
890	211
890	653
890	135
890	219
890	645
890	743
890	104
890	29
890	191
890	406
890	270
890	15
890	102
890	259
890	248
890	173
890	744
890	231
890	155
891	726
891	206
891	664
891	248
891	158
891	150
891	472
891	66
891	822
891	22
891	261
891	677
891	129
891	147
891	222
891	520
891	646
891	230
891	6
891	742
891	151
891	470
891	294
892	135
892	142
892	168
892	165
892	269
892	677
892	9
892	385
892	293
892	13
892	371
892	198
892	150
892	133
892	172
892	129
892	817
892	410
892	33
892	723
892	137
892	189
892	470
892	372
892	393
892	389
892	159
892	151
892	658
892	367
892	386
892	429
892	95
892	205
892	292
892	717
892	582
892	141
892	405
892	657
892	201
892	757
892	181
892	481
892	445
892	565
892	209
892	149
892	454
892	731
892	417
892	598
892	70
893	195
893	3
893	408
893	147
893	660
893	880
893	402
893	420
893	199
893	775
893	213
893	561
893	388
893	163
893	644
893	164
893	299
893	133
893	643
894	19
894	195
894	752
894	68
894	532
894	51
894	635
894	711
894	688
894	67
894	291
894	133
894	179
894	9
894	387
894	388
894	43
894	177
894	606
894	435
894	24
894	95
894	28
894	751
894	199
894	664
894	644
894	161
894	104
894	171
894	232
894	203
894	673
894	723
894	600
894	23
894	667
894	139
894	33
894	643
894	99
894	513
894	131
894	423
894	652
894	115
894	225
894	577
894	75
894	449
894	163
895	753
895	769
895	700
895	140
895	154
895	10
895	660
895	166
895	129
895	324
895	2
895	17
895	562
895	130
895	578
895	644
895	132
895	72
895	172
895	552
895	678
895	1
895	232
895	569
895	426
895	652
895	194
895	763
895	524
895	174
895	393
895	322
895	100
895	470
895	134
895	326
895	396
895	196
895	420
895	390
895	133
895	434
896	697
896	386
896	195
896	485
896	65
896	173
896	433
896	203
896	321
896	51
896	174
896	74
896	134
896	688
896	145
896	674
896	687
896	226
896	170
896	2
896	668
896	641
896	505
896	663
896	129
896	17
896	724
896	422
896	425
896	387
896	258
896	150
896	259
896	169
896	183
896	393
896	4
896	609
896	181
896	21
896	131
896	525
896	273
896	34
896	177
896	278
896	78
896	3
896	642
896	737
896	660
896	20
896	130
896	11
896	407
896	649
896	13
896	94
896	488
896	201
896	515
896	197
896	163
896	68
896	480
896	193
896	346
896	579
896	211
896	18
896	266
896	133
896	435
896	571
896	26
896	147
896	136
896	817
896	665
896	417
896	25
896	155
896	159
896	97
896	696
896	77
896	73
896	437
896	204
896	473
896	710
896	708
896	645
896	153
896	661
896	658
896	676
896	162
896	706
896	659
896	865
896	517
897	862
897	256
897	372
897	704
897	512
897	192
897	127
897	478
897	591
897	690
897	384
897	894
897	474
898	127
898	895
898	631
898	25
898	311
898	447
898	256
898	491
898	896
898	669
898	767
898	352
898	639
899	798
899	512
899	894
899	688
899	192
899	255
899	576
899	637
899	224
899	251
899	742
900	894
900	30
900	720
900	640
900	768
900	878
900	119
900	863
900	669
901	830
901	380
901	895
901	624
901	890
901	256
901	752
901	372
901	64
901	240
901	572
901	92
902	634
902	117
902	123
902	99
902	251
902	125
902	59
902	115
902	875
902	743
902	256
902	380
903	630
903	302
903	877
903	509
903	74
903	500
903	122
903	126
903	112
903	378
903	362
903	318
903	298
904	606
904	236
904	81
904	633
904	109
904	506
904	107
904	51
904	767
904	281
904	126
904	512
905	504
905	248
905	510
905	760
905	484
905	590
905	844
905	536
905	632
905	240
906	127
906	343
906	379
906	19
906	223
906	735
906	84
906	118
906	880
906	120
906	382
906	339
907	440
907	38
907	120
907	766
907	85
907	768
907	758
908	646
908	56
908	229
908	638
908	303
908	551
908	371
908	241
908	54
908	815
908	887
908	200
908	373
908	277
908	81
909	860
909	632
909	372
909	294
909	88
909	736
909	888
909	876
909	124
909	352
909	771
909	156
909	500
910	227
910	486
910	103
910	755
910	259
910	359
910	114
910	57
910	4
910	99
910	380
910	503
910	121
910	748
910	229
911	100
911	612
911	250
911	226
911	81
911	434
911	18
911	118
911	882
911	600
911	86
911	883
911	377
911	593
912	506
912	504
912	402
912	627
912	33
912	241
912	41
912	275
912	18
912	114
912	750
912	252
912	67
912	565
912	819
912	177
912	564
912	882
912	729
912	166
912	181
912	98
912	322
912	497
912	837
912	467
912	373
912	35
912	65
912	325
913	615
913	864
913	117
913	880
913	126
913	224
913	240
913	176
913	168
913	256
914	640
914	368
914	42
914	367
914	847
914	508
914	733
914	184
914	621
914	752
914	735
914	239
914	111
914	33
914	175
915	766
915	622
915	224
915	128
915	252
915	105
915	634
915	679
915	256
915	808
915	362
915	100
916	105
916	77
916	667
916	375
916	250
916	491
916	107
916	170
916	859
916	540
916	91
916	552
916	848
916	131
917	640
917	576
917	510
917	522
917	108
917	300
917	572
917	111
917	240
917	619
917	554
918	881
918	124
918	75
918	218
918	356
918	105
918	767
918	240
918	109
918	609
918	112
918	334
918	383
918	811
918	368
919	652
919	220
919	122
919	632
919	169
919	362
919	382
919	45
919	191
919	248
919	494
919	464
920	665
920	220
920	451
920	318
920	154
920	752
920	197
920	233
920	238
920	201
920	505
920	817
920	493
920	58
920	138
920	228
920	89
920	54
920	637
920	117
920	523
920	555
920	333
920	121
921	124
921	848
921	510
921	8
921	116
921	752
921	56
921	103
921	362
921	336
922	419
922	744
922	866
922	35
922	52
922	227
922	111
922	104
922	13
922	551
922	367
922	106
922	847
922	78
922	101
922	555
923	615
923	44
923	421
923	750
923	369
923	582
923	622
923	446
923	499
923	494
923	169
923	346
923	236
924	485
924	133
924	227
924	557
924	125
924	119
924	87
924	1
924	744
924	909
924	101
924	75
924	37
924	33
924	511
924	271
924	579
924	829
924	613
924	629
924	294
924	293
924	483
924	487
924	43
924	215
924	583
924	40
924	106
924	9
924	639
924	79
924	143
924	553
925	232
925	162
925	68
925	164
925	358
925	244
925	739
925	296
925	52
926	33
926	557
926	99
926	115
926	163
926	363
926	45
926	248
926	367
926	79
926	67
926	1
926	739
926	122
926	593
926	331
926	325
926	121
926	833
926	339
926	84
926	100
926	293
926	521
926	136
926	243
926	597
926	736
926	228
926	225
927	421
927	353
927	229
927	104
927	602
927	881
927	574
927	97
927	580
927	306
927	868
927	506
927	100
927	356
927	99
927	754
927	294
927	522
927	636
927	9
927	474
927	65
927	43
928	97
928	129
928	17
928	869
928	195
928	354
928	613
928	321
928	356
928	627
928	641
928	633
928	491
928	114
928	353
928	33
928	1
928	897
928	197
928	41
928	462
928	617
928	918
928	106
928	113
928	289
928	610
928	323
928	107
928	370
928	201
928	635
928	549
928	638
928	545
928	369
928	747
928	373
928	194
928	737
928	371
928	243
928	165
928	481
928	845
928	118
928	99
928	419
928	609
928	626
928	111
928	625
928	98
928	7
929	383
929	863
929	512
929	63
929	862
929	348
929	216
929	758
929	920
929	214
929	96
929	112
929	16
930	3
930	50
930	284
930	814
930	251
930	128
930	599
930	249
930	703
930	94
930	191
930	601
930	544
930	736
931	718
931	442
931	640
931	604
931	478
931	896
931	382
931	728
931	494
931	477
931	241
932	768
932	249
932	896
932	384
932	853
932	191
932	142
932	576
932	85
932	130
932	77
932	891
933	372
933	25
933	478
933	876
933	76
933	96
933	41
933	30
933	384
933	115
934	91
934	473
934	471
934	239
934	92
934	28
934	331
934	379
934	603
934	153
934	218
934	380
934	863
934	120
934	601
935	598
935	106
935	382
935	18
935	348
935	629
935	90
935	602
935	222
935	89
935	116
936	81
936	9
936	2
936	76
936	731
936	329
936	84
936	73
936	249
936	601
936	102
936	19
936	210
936	285
936	721
936	204
936	349
936	18
936	369
936	94
936	26
936	335
936	857
936	465
936	93
936	894
936	114
936	129
936	242
936	593
936	561
937	472
937	767
937	14
937	119
937	480
937	214
937	760
937	77
937	232
937	468
937	504
937	510
937	23
937	244
937	22
937	612
938	716
938	87
938	77
938	607
938	375
938	37
938	54
938	515
938	23
938	535
938	343
938	71
938	895
938	883
938	695
939	341
939	487
939	26
939	70
939	200
939	599
939	81
939	118
939	630
939	86
939	46
939	344
940	608
940	121
940	70
940	216
940	263
940	376
940	378
940	273
940	246
940	363
940	886
940	288
940	65
940	343
940	503
940	737
940	254
940	597
940	468
940	927
940	93
940	871
941	72
941	98
941	536
941	68
941	595
941	401
941	852
941	566
941	82
941	506
941	58
941	207
942	387
942	79
942	84
942	211
942	19
942	777
942	640
942	124
942	631
942	705
942	65
942	179
942	215
942	209
942	596
942	497
942	335
942	69
942	74
942	115
942	515
942	496
942	404
943	106
943	195
943	338
943	604
943	242
943	337
943	600
943	149
943	506
943	66
943	90
943	84
943	100
943	68
943	530
943	220
943	193
943	234
943	218
943	786
943	196
943	596
943	609
943	137
943	145
943	593
943	92
943	292
943	756
943	43
943	306
944	383
944	21
944	626
944	17
944	580
944	593
944	403
944	561
944	227
944	26
944	594
944	210
944	851
944	117
944	304
944	625
944	49
944	275
944	131
944	338
944	81
944	106
944	125
944	353
944	217
944	837
944	112
944	2
944	29
944	87
944	5
944	150
944	7
944	881
944	601
944	122
944	27
944	209
944	598
944	203
944	53
944	283
944	194
944	66
944	289
944	74
944	18
944	103
944	277
944	156
944	57
944	305
944	123
944	124
944	121
944	602
944	583
944	83
944	337
944	495
944	332
944	529
944	853
944	899
944	733
944	857
945	176
945	734
945	366
945	735
945	512
945	80
945	112
945	239
945	606
945	137
945	767
946	207
946	191
946	479
946	491
946	65
946	559
946	496
946	287
946	201
946	587
946	9
946	591
946	79
946	456
946	240
946	477
946	416
946	341
946	205
946	96
946	592
946	112
946	15
946	360
947	606
947	878
947	36
947	335
947	234
947	254
947	678
947	554
947	73
947	112
947	15
947	639
947	86
947	710
947	154
948	103
948	815
948	669
948	478
948	193
948	237
948	539
948	471
948	685
948	107
948	149
948	281
948	117
948	373
948	109
948	472
948	23
948	864
948	78
948	221
948	353
948	717
948	69
948	730
948	316
949	587
949	59
949	458
949	348
949	254
949	96
949	33
949	139
949	112
949	92
949	892
949	43
949	252
949	523
949	16
949	81
949	46
949	73
949	835
950	745
950	751
950	159
950	715
950	587
950	35
950	515
950	127
950	871
950	648
950	675
950	363
950	348
950	352
950	347
950	650
950	124
950	391
950	27
950	26
950	331
950	283
950	25
950	121
950	332
950	473
950	586
950	250
950	15
950	585
950	143
951	45
951	238
951	66
951	330
951	522
951	718
951	604
951	218
951	75
951	585
951	709
951	784
951	109
951	25
951	123
951	41
951	267
951	26
951	262
951	746
951	74
951	329
951	865
951	290
951	458
951	578
951	344
952	65
952	644
952	537
952	857
952	362
952	607
952	345
952	711
952	57
952	217
952	209
952	881
952	258
952	349
952	9
952	266
952	585
952	121
952	586
952	201
952	45
952	68
952	75
952	241
952	277
952	78
952	70
952	599
952	601
952	845
952	332
952	89
952	257
952	806
952	203
952	333
952	77
952	435
952	109
953	78
953	95
953	40
953	454
953	608
953	279
953	552
953	468
953	176
953	359
953	216
953	740
953	195
954	67
954	724
954	15
954	4
954	583
954	93
954	75
954	275
954	69
954	818
954	88
954	798
954	555
954	87
954	65
954	248
954	195
954	823
954	183
954	208
954	632
955	2
955	82
955	139
955	758
955	69
955	646
955	488
955	95
955	773
955	568
955	197
955	68
955	86
955	79
955	98
955	838
955	617
955	813
955	134
955	664
955	487
955	736
955	912
955	578
955	661
955	14
955	350
955	246
955	70
955	322
955	584
955	102
955	302
956	849
956	248
956	679
956	582
956	102
956	30
956	409
956	590
956	374
956	5
956	96
956	883
956	837
956	65
956	162
956	73
956	861
956	390
956	648
956	69
956	22
956	7
956	33
956	97
956	94
956	214
956	877
956	457
956	603
956	247
956	323
956	86
956	846
956	614
956	257
956	89
956	517
956	774
956	568
956	649
956	325
956	199
956	597
956	477
956	197
956	6
956	70
956	368
956	465
956	104
956	759
956	118
956	456
956	609
957	68
957	639
957	17
957	104
957	355
957	488
957	67
957	612
957	6
957	515
957	599
957	637
957	294
957	119
957	196
957	20
957	779
957	239
957	280
957	7
957	841
957	642
957	579
957	516
957	8
957	338
958	115
958	195
958	611
958	84
958	66
958	323
958	81
958	67
958	97
958	811
958	164
958	231
958	267
958	338
958	740
958	7
958	65
958	75
958	583
958	21
958	321
958	83
958	31
958	360
958	599
958	196
958	101
958	111
958	68
958	607
958	324
958	163
958	787
958	827
958	219
958	935
958	43
958	385
958	784
958	852
958	614
958	108
958	707
958	3
958	59
958	577
958	483
958	135
958	464
958	289
958	675
958	356
958	332
958	900
958	257
958	495
959	89
959	42
959	450
959	196
959	4
959	107
959	884
959	402
959	33
959	414
959	213
959	742
959	370
959	364
959	597
959	72
959	20
959	166
959	482
959	346
959	66
959	494
959	878
959	523
959	68
959	577
959	194
959	129
959	612
959	322
959	49
959	890
959	75
959	404
959	434
959	290
959	81
959	522
959	361
959	228
959	324
959	356
959	326
959	98
959	340
959	649
959	134
959	534
959	59
959	56
959	347
959	275
960	11
960	467
960	340
960	705
960	170
960	17
960	74
960	520
960	290
960	197
960	195
960	253
960	273
960	469
960	131
960	113
960	321
960	29
960	635
960	71
960	97
960	163
960	710
960	620
960	83
960	156
960	717
960	208
960	884
960	241
960	2
960	737
960	578
960	389
960	27
960	129
960	485
960	865
960	65
960	402
960	89
960	354
960	429
960	555
960	9
960	583
960	41
960	99
960	73
960	377
960	33
960	86
960	587
960	817
960	336
960	836
960	69
960	617
960	108
960	5
960	580
960	226
960	449
960	185
960	353
960	81
960	458
960	105
960	362
960	3
960	201
960	34
960	720
960	840
960	346
960	421
960	866
960	577
960	37
960	513
960	10
960	45
960	52
960	358
960	848
960	658
960	235
960	541
960	193
960	471
960	169
960	753
960	534
960	337
960	247
960	233
960	54
960	854
960	516
960	390
960	146
960	274
960	161
960	261
960	944
960	213
960	473
960	586
960	245
960	736
960	453
960	714
960	67
960	588
960	324
960	706
960	489
961	318
961	152
961	304
961	768
961	16
961	55
961	302
961	500
961	624
961	944
961	256
961	760
961	736
961	248
962	691
962	320
962	301
962	123
962	768
962	251
962	191
962	61
962	758
962	287
962	927
962	576
963	29
963	58
963	448
963	265
963	185
963	768
963	54
963	245
963	824
963	62
963	658
964	318
964	303
964	446
964	69
964	512
964	124
964	62
964	126
964	125
964	825
964	510
964	541
964	93
964	441
964	719
964	49
964	247
964	293
964	269
964	173
964	447
964	319
965	665
965	635
965	380
965	344
965	320
965	4
965	124
965	59
965	443
965	64
965	219
966	831
966	314
966	315
966	511
966	156
966	59
966	284
966	301
966	385
966	379
966	191
966	376
966	52
966	761
966	713
966	443
966	175
966	384
967	701
967	28
967	614
967	634
967	35
967	25
967	442
968	619
968	703
968	832
968	765
968	240
968	802
968	26
968	221
968	47
968	170
968	45
968	820
968	61
968	121
968	23
968	530
968	759
968	500
968	545
968	298
968	255
968	380
968	29
968	521
969	277
969	600
969	56
969	310
969	432
969	831
969	680
969	823
969	696
969	575
969	170
969	869
969	24
970	189
970	515
970	213
970	29
970	167
970	636
970	184
970	703
970	173
970	504
970	53
970	884
971	54
971	117
971	758
971	894
971	434
971	50
971	376
971	120
971	5
971	150
971	834
971	438
971	320
971	40
972	341
972	303
972	189
972	165
972	13
972	158
972	887
972	47
972	309
972	39
972	29
972	381
972	61
972	565
972	3
972	919
972	25
972	177
972	657
972	182
972	290
972	94
972	313
972	933
972	51
973	180
973	186
973	500
973	311
973	162
973	572
973	156
973	52
973	35
973	140
973	36
973	566
973	130
973	724
973	660
973	452
973	663
974	563
974	185
974	54
974	64
974	690
974	561
974	697
974	180
974	312
974	566
974	295
974	3
974	626
974	880
974	319
974	807
974	63
974	24
974	50
974	57
974	277
974	523
974	305
974	36
975	770
975	186
975	56
975	318
975	130
975	164
975	151
975	438
975	54
975	600
975	533
975	538
975	692
975	148
975	802
975	626
975	153
975	278
975	788
975	562
975	60
975	690
975	446
975	19
975	18
975	55
975	412
975	100
975	32
975	113
975	209
975	126
975	824
975	150
975	662
975	510
975	433
976	530
976	33
976	353
976	521
976	64
976	113
976	249
976	41
976	402
976	19
976	37
976	50
976	42
976	678
976	59
976	819
976	823
976	177
976	40
976	65
976	449
976	505
976	513
976	529
976	20
976	339
976	419
976	183
976	337
976	157
976	379
976	546
976	241
976	421
976	307
976	53
976	538
976	89
976	17
976	26
976	18
976	243
976	123
976	626
976	883
976	3
976	5
976	565
976	571
976	684
976	593
976	117
976	63
976	21
976	185
977	170
977	304
977	72
977	623
977	932
977	636
977	767
977	420
977	758
977	287
977	560
977	368
977	568
977	289
978	238
978	301
978	619
978	259
978	63
978	683
978	285
978	55
978	303
978	704
978	165
978	204
978	528
979	28
979	190
979	622
979	64
979	574
979	974
979	427
979	810
979	201
979	558
979	944
980	109
980	359
980	639
980	6
980	262
980	493
980	112
980	117
980	110
980	126
980	253
980	47
980	237
980	364
980	29
980	62
980	686
980	333
980	13
980	746
981	2
981	41
981	435
981	60
981	164
981	316
981	368
981	816
981	9
981	302
981	62
981	285
981	271
981	63
981	12
982	20
982	31
982	59
982	228
982	43
982	169
982	194
982	319
982	103
982	300
982	265
982	812
982	173
982	292
982	188
982	12
982	73
982	299
982	284
982	550
982	231
982	638
982	267
982	139
982	135
982	147
983	233
983	48
983	44
983	316
983	163
983	906
983	26
983	291
983	22
983	308
983	197
983	430
983	92
983	220
983	438
983	531
983	554
983	172
983	60
983	618
983	10
983	714
983	356
983	473
983	578
983	58
983	496
983	364
983	810
983	50
983	72
983	634
984	812
984	41
984	247
984	26
984	190
984	865
984	300
984	554
984	533
984	665
984	45
984	112
984	169
984	299
984	140
984	138
984	57
984	265
984	193
984	809
984	553
984	778
984	11
984	577
984	490
984	44
984	210
984	302
984	172
984	369
984	853
984	431
984	174
984	201
984	43
984	74
984	49
984	29
984	42
984	266
984	9
984	606
984	357
984	64
984	803
984	571
984	297
984	229
985	743
985	310
985	168
985	38
985	952
985	771
985	61
985	773
986	541
986	568
986	40
986	319
986	776
986	39
986	516
986	38
986	59
986	932
986	381
986	547
986	133
986	487
986	128
986	72
986	161
986	35
986	291
986	739
986	903
986	552
986	293
986	136
986	303
986	103
986	168
987	46
987	630
987	319
987	54
987	179
987	38
987	642
987	189
987	100
987	124
987	144
987	879
987	310
987	304
987	662
987	519
987	95
987	39
987	550
987	162
987	554
987	165
988	5
988	2
988	305
988	642
988	133
988	546
988	551
988	175
988	37
988	529
988	817
988	406
988	22
988	362
988	59
988	53
988	547
988	590
988	295
988	17
988	349
988	936
988	613
988	198
988	562
988	39
988	738
988	38
988	33
988	390
988	45
988	46
988	829
988	424
988	486
988	389
988	417
988	111
988	97
988	517
988	369
988	47
988	727
988	402
988	355
988	772
988	130
988	677
988	49
988	158
988	15
988	316
988	941
988	533
988	629
988	742
988	297
988	519
989	806
989	148
989	808
989	783
989	290
989	340
989	688
989	556
989	106
989	48
989	164
989	34
989	454
989	9
989	182
989	1
989	375
989	844
989	787
989	168
989	420
989	616
989	8
989	116
989	659
989	176
989	260
989	44
990	275
990	483
990	50
990	279
990	36
990	803
990	299
990	60
990	683
990	6
990	579
990	40
990	549
990	227
990	551
990	116
990	108
990	45
990	257
990	49
990	395
990	359
990	15
990	939
990	563
990	327
990	167
990	35
990	596
990	819
990	801
990	689
990	481
990	33
990	51
990	115
990	8
990	19
990	529
990	354
990	804
990	274
990	162
990	420
990	307
990	131
990	144
990	771
991	578
991	899
991	555
991	583
991	114
991	129
991	294
991	120
991	229
991	584
991	298
991	33
991	138
991	162
991	394
991	10
991	266
991	619
991	118
991	1
991	134
991	423
991	99
991	172
991	34
991	518
991	546
991	936
991	626
991	642
991	428
991	18
991	56
991	526
991	547
991	806
991	50
991	178
991	674
991	170
991	264
991	57
991	270
991	42
991	339
991	110
991	58
991	98
991	427
991	230
991	943
991	306
991	166
991	946
991	905
991	154
991	354
991	36
991	868
992	577
992	3
992	97
992	806
992	564
992	105
992	5
992	40
992	420
992	129
992	41
992	521
992	299
992	827
992	1
992	9
992	357
992	37
992	429
992	106
992	548
992	53
992	111
992	733
992	749
992	50
992	51
992	201
992	276
992	161
992	381
992	513
992	33
992	102
992	418
992	133
992	423
992	4
992	177
992	17
992	567
992	283
992	551
992	675
992	113
992	426
992	639
992	946
992	250
992	25
992	36
992	169
992	103
992	977
992	130
992	69
992	813
992	565
992	559
992	297
992	42
992	101
992	195
992	585
992	241
992	171
992	866
992	674
992	67
992	7
992	109
992	433
992	38
992	108
992	200
992	6
992	785
992	867
992	321
992	49
992	518
992	436
992	34
992	787
992	491
992	687
992	421
992	680
992	66
992	35
992	114
992	355
992	545
992	837
992	612
992	265
992	197
992	269
992	289
992	696
992	868
992	266
992	677
992	322
992	405
992	527
992	615
993	303
993	128
993	222
993	448
993	592
993	204
993	192
993	19
993	670
993	172
993	240
993	544
993	444
993	63
994	80
994	61
994	191
994	263
994	317
994	800
994	64
994	32
994	957
994	248
994	539
994	504
994	31
994	640
994	153
994	239
995	553
995	460
995	55
995	734
995	846
995	539
995	206
995	862
995	286
995	529
995	69
995	310
996	565
996	8
996	310
996	89
996	21
996	13
996	293
996	637
996	319
996	29
996	841
996	153
996	767
996	67
996	861
996	631
996	47
996	295
996	285
996	264
996	265
996	790
997	960
997	862
997	415
997	788
997	155
997	659
997	76
997	252
997	87
997	59
997	697
997	123
998	605
998	568
998	953
998	279
998	545
998	681
998	79
998	275
998	19
998	267
998	51
998	531
998	91
998	529
998	635
998	9
998	30
998	604
998	41
998	947
998	672
998	26
998	73
998	27
998	442
998	401
998	336
998	151
998	532
998	209
998	696
998	347
998	57
999	796
999	927
999	975
999	316
999	573
999	526
999	763
999	182
999	138
999	90
999	276
999	217
999	147
999	16
999	7
999	544
999	153
999	785
999	174
999	122
999	413
999	490
999	74
999	974
999	237
999	265
999	29
999	32
999	94
999	922
999	445
999	308
999	585
999	337
999	26
999	286
999	30
999	530
999	514
1000	889
1000	843
1000	19
1000	265
1000	415
1000	486
1000	347
1000	931
1000	482
1000	30
1000	28
1000	57
1000	342
1000	50
1000	862
1000	155
1000	147
1000	40
1000	122
1000	209
1000	406
1000	89
1000	258
1000	291
1000	25
1000	172
1000	234
1000	83
1000	75
1000	594
1000	665
1000	85
1000	281
1000	77
1000	269
1000	541
1000	649
1000	607
1000	178
1000	1
1000	288
1000	905
1000	797
1000	153
1000	393
1000	138
1000	160
1000	88
1000	9
1000	129
1000	21
1000	216
1000	283
1000	337
1000	29
1001	215
1001	839
1001	704
1001	224
1001	956
1001	693
1001	56
1001	132
1001	168
1001	266
1001	264
1001	659
1001	632
1001	543
1002	519
1002	279
1002	288
1002	660
1002	22
1002	643
1002	34
1002	871
1002	571
1002	408
1002	215
1002	541
1002	17
1002	243
1002	324
1002	16
1002	383
1002	345
1002	296
1002	45
1002	531
1002	417
1002	535
1002	83
1002	127
1002	319
1002	503
1003	794
1003	39
1003	154
1003	582
1003	30
1003	786
1003	225
1003	533
1003	120
1003	516
1003	406
1003	678
1003	346
1003	37
1003	6
1003	22
1003	598
1003	50
1003	54
1003	276
1003	824
1003	853
1003	161
1003	29
1003	2
1003	561
1003	726
1004	657
1004	23
1004	577
1004	56
1004	405
1004	597
1004	152
1004	14
1004	37
1004	249
1004	625
1004	518
1004	530
1004	85
1004	71
1004	47
1004	133
1004	52
1004	5
1004	55
1004	4
1004	333
1004	11
1004	566
1004	27
1004	21
1004	209
1004	613
1004	323
1004	517
1004	533
1004	125
1004	7
1004	341
1004	193
1004	115
1004	30
1004	261
1004	689
1004	814
1004	181
1004	694
1004	308
1004	145
1004	762
1005	59
1005	52
1005	340
1005	339
1005	725
1005	263
1005	78
1005	969
1005	248
1005	244
1005	644
1005	68
1005	600
1005	20
1005	132
1005	16
1005	1
1005	17
1005	823
1005	852
1005	520
1005	576
1005	216
1005	3
1005	949
1005	43
1005	598
1005	184
1005	4
1006	617
1006	920
1006	561
1006	424
1006	21
1006	115
1006	387
1006	3
1006	147
1006	540
1006	83
1006	739
1006	23
1006	7
1006	11
1006	94
1006	513
1006	51
1006	1
1006	279
1006	235
1006	980
1006	146
1006	20
1006	419
1006	348
1006	531
1006	31
1006	17
1006	114
1006	515
1006	40
1006	415
1006	786
1006	470
1006	641
1006	19
1006	520
1006	915
1006	275
1006	283
1006	129
1006	271
1006	916
1006	27
1007	534
1007	39
1007	33
1007	152
1007	132
1007	48
1007	64
1007	401
1007	444
1007	19
1007	150
1007	129
1007	888
1007	642
1007	56
1007	340
1007	134
1007	952
1007	154
1007	563
1007	82
1007	24
1007	18
1007	49
1007	17
1007	669
1007	770
1007	658
1007	406
1007	274
1007	260
1007	5
1007	30
1007	946
1007	50
1007	532
1007	387
1007	339
1007	594
1007	614
1007	540
1007	546
1007	513
1007	23
1007	2
1007	21
1007	982
1007	94
1007	206
1007	68
1007	218
1007	185
1007	600
1007	26
1007	81
1007	794
1007	88
1007	306
1007	264
1007	786
1008	29
1008	385
1008	27
1008	541
1008	273
1008	134
1008	531
1008	23
1008	537
1008	53
1008	145
1008	81
1008	340
1008	25
1008	529
1008	182
1008	82
1008	689
1008	67
1008	211
1008	279
1008	635
1008	24
1008	30
1008	33
1008	49
1008	350
1008	849
1008	3
1008	533
1008	113
1008	52
1008	50
1008	241
1008	18
1008	197
1008	562
1008	149
1008	31
1008	961
1008	643
1008	153
1008	61
1008	797
1008	150
1008	301
1008	401
1008	281
1008	137
1008	2
1008	148
1008	809
1008	785
1008	337
1008	275
1008	583
1008	135
1008	129
1008	155
1008	217
1008	181
1008	313
1008	34
1008	690
1008	395
1008	36
1008	387
1008	55
1008	530
1008	305
1008	465
1008	532
1008	669
1008	285
1008	201
1008	20
1008	547
1008	85
1008	245
1008	663
1008	5
1008	259
1008	539
1008	342
1008	679
1008	125
1008	613
1008	310
1008	186
1008	840
1008	277
1008	1
1008	93
1008	221
1008	514
1008	267
1008	75
1008	334
1008	51
1008	258
1008	41
1008	124
1008	516
1008	83
1008	26
1008	435
1008	158
1008	139
1008	597
1008	264
1008	138
1008	13
1009	570
1009	166
1009	64
1009	181
1009	30
1009	54
1009	988
1009	712
1009	22
1009	469
1009	58
1009	191
1009	354
1009	594
1009	10
1009	130
1009	815
1009	715
1009	110
1009	384
1009	164
1009	327
1009	159
1009	240
1009	764
1009	93
1009	992
1010	280
1010	463
1010	16
1010	365
1010	15
1010	320
1010	87
1010	702
1010	17
1010	271
1010	7
1010	517
1010	45
1010	718
1010	81
1010	831
1010	273
1010	131
1010	528
1010	71
1010	515
1010	514
1010	219
1010	334
1010	89
1010	47
1010	672
1010	267
1010	160
1011	322
1011	8
1011	14
1011	464
1011	92
1011	48
1011	61
1011	35
1011	300
1011	478
1011	40
1011	421
1011	42
1011	350
1011	152
1011	5
1011	653
1011	302
1012	617
1012	395
1012	842
1012	687
1012	741
1012	267
1012	29
1012	517
1012	557
1012	898
1012	429
1012	522
1012	141
1012	969
1012	9
1012	221
1012	45
1012	414
1012	153
1012	170
1012	205
1012	547
1012	97
1012	11
1012	534
1012	861
1012	73
1012	201
1012	149
1012	69
1012	277
1012	535
1012	173
1012	13
1012	912
1012	77
1012	158
1012	518
1012	269
1012	942
1012	5
1012	525
1012	138
1012	1
1012	389
1012	333
1012	67
1012	263
1012	370
1012	365
1012	607
1012	257
1012	106
1012	513
1012	14
1012	137
1012	805
1012	470
1012	589
1012	527
1012	431
1012	95
1012	6
1012	600
1012	22
1012	798
1012	457
1012	128
1012	781
1013	171
1013	12
1013	572
1013	79
1013	576
1013	652
1013	246
1013	646
1013	800
1013	476
1013	195
1013	331
1013	267
1013	77
1013	907
1013	6
1013	118
1013	18
1013	284
1013	392
1013	288
1014	843
1014	42
1014	347
1014	271
1014	138
1014	579
1014	298
1014	538
1014	25
1014	411
1014	11
1014	841
1014	589
1014	60
1014	76
1014	199
1014	595
1014	3
1014	107
1014	8
1014	269
1014	187
1014	528
1014	809
1014	87
1014	751
1014	326
1014	203
1014	105
1014	555
1014	313
1014	515
1014	458
1014	41
1014	9
1014	263
1014	73
1014	360
1014	651
1014	771
1014	79
1014	10
1014	44
1014	145
1014	531
1014	27
1014	395
1014	12
1014	224
1014	355
1014	643
1014	163
1014	47
1014	523
1014	33
1014	513
1014	193
1014	617
1014	274
1014	654
1014	223
1014	268
1014	839
1014	74
1015	6
1015	408
1015	140
1015	52
1015	524
1015	664
1015	348
1015	605
1015	298
1015	26
1015	14
1015	548
1015	11
1015	92
1015	158
1015	42
1015	74
1015	10
1015	62
1015	491
1015	268
1015	146
1015	266
1015	688
1015	730
1015	60
1015	738
1015	574
1015	652
1015	798
1015	458
1015	106
1015	260
1015	767
1015	73
1015	781
1015	333
1015	526
1015	282
1015	656
1015	331
1015	397
1015	713
1015	66
1015	314
1015	236
1015	264
1015	400
1015	686
1015	204
1015	673
1016	537
1016	513
1016	73
1016	458
1016	43
1016	437
1016	569
1016	357
1016	331
1016	595
1016	33
1016	482
1016	393
1016	515
1016	542
1016	581
1016	711
1016	523
1016	500
1016	193
1016	880
1016	793
1016	272
1016	333
1016	45
1016	57
1016	545
1016	81
1016	265
1016	651
1016	473
1016	539
1016	577
1016	103
1016	170
1016	765
1016	5
1016	271
1016	297
1016	593
1016	66
1016	122
1016	685
1016	26
1016	522
1016	242
1016	17
1016	185
1016	329
1016	156
1016	75
1016	668
1016	521
1016	547
1016	945
1016	27
1016	267
1016	165
1016	841
1016	37
1016	1
1016	83
1016	731
1016	665
1016	653
1016	672
1016	586
1016	713
1016	101
1016	570
1016	641
1016	89
1016	9
1016	268
1016	153
1016	835
1016	619
1016	13
1016	578
1016	275
1016	789
1016	11
1016	76
1016	772
1016	379
1016	74
1016	308
1016	514
1016	35
1016	649
1016	65
1016	129
1016	173
1016	517
1016	169
1016	10
1016	399
1016	518
1016	781
1016	69
1016	303
1016	194
1016	721
1016	41
1016	779
1016	394
1016	138
1016	42
1016	583
1016	234
1016	2
1016	20
1016	747
1016	282
1016	258
1016	34
1016	777
1016	853
1017	22
1017	215
1017	144
1017	206
1017	584
1017	8
1017	1
1017	622
1017	3
1017	38
1017	6
1017	518
1017	4
1017	35
1017	246
1017	776
1017	420
1017	261
1017	24
1018	151
1018	599
1018	463
1018	518
1018	179
1018	33
1018	136
1018	823
1018	776
1018	579
1018	135
1018	528
1018	9
1018	323
1018	802
1018	325
1018	12
1018	455
1018	549
1018	43
1018	773
1018	271
1018	13
1018	260
1018	344
1018	263
1018	155
1018	769
1018	35
1018	104
1018	6
1018	520
1018	7
1018	180
1018	600
1018	661
1018	269
1018	72
1018	231
1018	968
1018	399
1018	641
1018	45
1018	3
1018	341
1018	39
1018	65
1018	532
1018	213
1018	533
1018	615
1018	109
1018	2
1018	19
1018	4
1018	195
1018	419
1018	5
1018	93
1018	589
1018	775
1018	207
1018	85
1018	807
1019	718
1019	792
1019	155
1019	142
1019	13
1019	37
1019	516
1019	656
1019	471
1019	262
1019	29
1019	69
1019	83
1019	625
1019	198
1019	550
1019	2
1019	566
1019	353
1019	130
1019	5
1019	222
1019	454
1019	165
1019	302
1019	33
1019	258
1019	520
1019	101
1019	998
1019	502
1019	6
1019	535
1019	106
1019	178
1019	36
1019	293
1019	50
1019	14
1019	517
1019	149
1019	34
1019	854
1019	259
1019	581
1019	522
1019	24
1019	117
1019	144
1019	430
1019	288
1020	317
1020	133
1020	183
1020	517
1020	31
1020	8
1020	962
1020	227
1020	145
1020	550
1020	268
1020	293
1020	85
1020	589
1020	229
1020	124
1020	139
1020	514
1020	275
1020	422
1020	523
1020	15
1020	526
1020	461
1020	927
1020	198
1020	182
1020	40
1020	513
1020	11
1020	25
1020	21
1020	262
1020	88
1020	837
1020	1
1020	305
1020	525
1020	778
1020	725
1020	32
1020	43
1020	23
1020	297
1020	33
1020	7
1020	37
1020	270
1020	207
1020	9
1020	132
1020	276
1020	583
1020	129
1020	327
1020	559
1020	195
1020	868
1020	34
1020	824
1020	76
1020	166
1020	485
1020	649
1020	590
1020	39
1020	66
1020	263
1020	19
1020	371
1020	727
1020	2
1020	707
1020	457
1020	119
1020	5
1020	273
1020	157
1020	294
1020	519
1020	130
1020	529
1020	87
1020	35
1020	429
1020	258
1020	267
1020	541
1020	885
1020	3
1020	374
1020	335
1020	70
1020	255
1020	653
1020	367
1020	325
1020	18
1020	366
1020	211
1020	421
1020	13
1020	10
1020	547
1020	14
1020	73
1020	71
1020	38
1020	173
1020	61
1020	453
1020	197
1020	59
1020	655
1020	545
1020	181
1020	365
1020	22
1021	54
1021	276
1021	155
1021	2
1021	68
1021	80
1021	65
1021	167
1021	658
1021	136
1021	33
1021	84
1021	116
1021	809
1021	259
1021	769
1021	72
1021	304
1021	328
1021	271
1021	548
1021	563
1021	11
1021	38
1021	28
1021	204
1021	390
1021	296
1021	654
1021	267
1021	4
1021	93
1021	260
1021	518
1021	521
1021	133
1021	18
1021	532
1021	8
1021	71
1021	20
1021	323
1021	140
1021	771
1021	59
1021	209
1022	27
1022	19
1022	65
1022	97
1022	71
1022	8
1022	17
1022	258
1022	372
1022	295
1022	792
1022	313
1022	51
1022	817
1022	68
1022	719
1022	613
1022	39
1022	100
1022	772
1022	979
1022	7
1022	404
1022	257
1022	324
1022	994
1022	270
1022	459
1022	35
1022	579
1022	146
1022	81
1022	215
1022	22
1022	3
1022	191
1022	405
1022	359
1022	34
1022	193
1022	31
1022	343
1022	131
1022	267
1022	514
1022	307
1022	513
1022	537
1022	577
1022	779
1022	1
1022	55
1022	234
1022	75
1022	177
1022	676
1022	67
1022	41
1022	176
1022	547
1022	363
1022	203
1022	515
1022	99
1022	303
1022	48
1022	73
1022	260
1022	807
1022	155
1022	322
1022	833
1022	77
1022	147
1022	44
1022	5
1022	269
1022	20
1022	33
1022	787
1022	338
1022	706
1022	481
1022	151
1022	463
1022	23
1022	655
1022	972
1022	273
1022	261
1022	305
1022	291
1022	301
1022	127
1022	519
1022	2
1022	87
1022	465
1022	78
1022	10
1022	140
1022	91
1022	567
1022	611
1022	132
1022	12
1022	129
1022	417
1022	679
1022	745
1022	163
1023	5
1023	688
1023	706
1023	258
1023	151
1023	10
1023	900
1023	148
1023	288
1023	133
1023	262
1023	261
1023	546
1023	265
1023	962
1023	517
1023	268
1023	24
1023	642
1023	650
1023	7
1023	74
1023	322
1023	136
1023	257
1023	553
1023	407
1023	29
1023	539
1023	70
1023	14
1023	329
1023	198
1023	514
1023	290
1023	13
1023	197
1023	142
1023	537
1023	33
1023	802
1023	528
1023	138
1023	283
1023	44
1023	152
1023	8
1023	68
1023	622
1023	616
1023	2
1023	76
1023	545
1023	65
1023	540
1023	98
1023	311
1023	18
1023	930
1023	341
1023	502
1023	165
1023	134
1023	652
1023	849
1023	42
1023	790
1023	276
1023	644
1023	651
1023	1
1023	277
1023	6
1023	19
1023	586
1023	547
1023	297
1023	419
1023	384
1023	791
1023	513
1023	522
1023	294
1023	386
1023	12
1023	562
1023	30
1023	278
1023	804
1023	326
1023	20
1023	37
1023	907
1023	226
1023	474
1023	518
1023	66
1023	646
1023	272
1023	81
1023	54
1023	129
1023	414
1023	34
1023	324
1023	228
1023	149
1024	90
1024	332
1024	1
1024	577
1024	5
1024	76
1024	150
1024	291
1024	658
1024	134
1024	133
1024	449
1024	547
1024	757
1024	567
1024	65
1024	215
1024	38
1024	44
1024	515
1024	26
1024	101
1024	775
1024	949
1024	833
1024	149
1024	77
1024	263
1024	453
1024	514
1024	521
1024	713
1024	417
1024	9
1024	113
1024	293
1024	17
1024	161
1024	2
1024	327
1024	657
1024	518
1024	27
1024	583
1024	262
1024	575
1024	587
1024	516
1024	43
1024	49
1024	22
1024	916
1024	321
1024	201
1024	645
1024	21
1024	40
1024	531
1024	552
1024	233
1024	33
1024	10
1024	18
1024	523
1024	642
1024	389
1024	122
1024	850
1024	545
1024	614
1024	867
1024	167
1024	275
1024	3
1024	769
1024	241
1024	391
1024	6
1024	581
1024	20
1024	553
1024	56
1024	68
1024	11
1024	55
1024	464
1024	593
1024	923
1024	217
1024	265
1024	969
1024	387
1024	776
1024	193
1024	551
1024	85
1024	513
1024	897
1024	97
1024	35
1024	899
1024	361
1024	330
1024	67
1024	19
1024	132
1024	773
1024	397
1024	729
1024	607
1024	84
1024	777
1024	257
1024	413
1024	71
1024	641
1024	81
1024	450
1024	93
1024	157
1024	537
1024	166
1024	643
1024	953
1024	277
1024	534
1024	793
1024	138
1024	951
1024	296
1024	580
1024	37
1024	706
1024	297
1024	533
1024	931
1024	999
1024	859
1024	121
1024	51
1024	771
1024	770
1024	145
1024	25
1024	529
1024	281
1024	137
1024	282
1024	520
1024	53
1024	130
1024	659
1024	386
1024	146
1024	522
1024	66
1024	861
1024	698
1024	517
1024	585
1024	535
1024	525
1024	165
1024	433
1024	34
1024	269
1024	164
1024	69
1024	427
1024	779
1024	14
1024	13
1024	159
1024	12
1024	261
1024	24
1024	569
1024	674
1024	519
1024	324
1024	548
1024	258
1024	301
1024	422
1024	711
1024	289
1024	561
1024	594
1024	329
1024	477
1024	103
1024	135
1024	299
1024	147
1024	72
1024	834
1024	39
1024	131
1024	928
1024	668
1024	835
1024	322
1024	865
1024	4
1024	41
1024	647
1024	153
1024	778
1024	467
